feature	Bacteria.Actinobacteria.Actinobacteria.Actinomycetales.Actinomycetaceae.Actinomyces	Bacteria.Actinobacteria.Actinobacteria.Actinomycetales.Actinomycetaceae.Mobiluncus	Bacteria.Actinobacteria.Actinobacteria.Actinomycetales.Brevibacteriaceae.Brevibacterium	Bacteria.Actinobacteria.Actinobacteria.Actinomycetales.Corynebacteriaceae.Corynebacterium	Bacteria.Actinobacteria.Actinobacteria.Actinomycetales.Corynebacteriaceae.Turicella	Bacteria.Actinobacteria.Actinobacteria.Actinomycetales.Dermabacteraceae.Dermabacter	Bacteria.Actinobacteria.Actinobacteria.Actinomycetales.Dietziaceae.Dietzia	Bacteria.Actinobacteria.Actinobacteria.Actinomycetales.Intrasporangiaceae.Janibacter	Bacteria.Actinobacteria.Actinobacteria.Actinomycetales.Microbacteriaceae.Microbacterium	Bacteria.Actinobacteria.Actinobacteria.Actinomycetales.Microbacteriaceae.Zimmermannella	Bacteria.Actinobacteria.Actinobacteria.Actinomycetales.Micrococcaceae.Arthrobacter	Bacteria.Actinobacteria.Actinobacteria.Actinomycetales.Micrococcaceae.Kocuria	Bacteria.Actinobacteria.Actinobacteria.Actinomycetales.Micrococcaceae.Micrococcus	Bacteria.Actinobacteria.Actinobacteria.Actinomycetales.Micrococcaceae.Rothia	Bacteria.Actinobacteria.Actinobacteria.Actinomycetales.Mycobacteriaceae.Mycobacterium	Bacteria.Actinobacteria.Actinobacteria.Actinomycetales.Nocardiaceae.Gordonia	Bacteria.Actinobacteria.Actinobacteria.Actinomycetales.Nocardiaceae.Nocardia	Bacteria.Actinobacteria.Actinobacteria.Actinomycetales.Nocardiaceae.Rhodococcus	Bacteria.Actinobacteria.Actinobacteria.Actinomycetales.Nocardioidaceae.Nocardioides	Bacteria.Actinobacteria.Actinobacteria.Actinomycetales.Propionibacteriaceae.Propionibacterium	Bacteria.Actinobacteria.Actinobacteria.Actinomycetales.Propionibacteriaceae.Tessaracoccus	Bacteria.Actinobacteria.Actinobacteria.Actinomycetales.Pseudonocardiaceae.Actinomycetospora	Bacteria.Actinobacteria.Actinobacteria.Bifidobacteriales.Bifidobacteriaceae.Bifidobacterium	Bacteria.Actinobacteria.Actinobacteria.Bifidobacteriales.Bifidobacteriaceae.Gardnerella	Bacteria.Actinobacteria.Actinobacteria.Coriobacteriales.Coriobacteriaceae.Atopobium	Bacteria.Actinobacteria.Actinobacteria.Coriobacteriales.Coriobacteriaceae.Collinsella	Bacteria.Actinobacteria.Actinobacteria.Coriobacteriales.Coriobacteriaceae.Olsenella	Bacteria.Bacteroidetes.Bacteroidia.Bacteroidales.Bacteroidaceae.Bacteroides	Bacteria.Bacteroidetes.Bacteroidia.Bacteroidales.Porphyromonadaceae.Barnesiella	Bacteria.Bacteroidetes.Bacteroidia.Bacteroidales.Porphyromonadaceae.Butyricimonas	Bacteria.Bacteroidetes.Bacteroidia.Bacteroidales.Porphyromonadaceae.Dysgonomonas	Bacteria.Bacteroidetes.Bacteroidia.Bacteroidales.Porphyromonadaceae.Odoribacter	Bacteria.Bacteroidetes.Bacteroidia.Bacteroidales.Porphyromonadaceae.Parabacteroides	Bacteria.Bacteroidetes.Bacteroidia.Bacteroidales.Porphyromonadaceae.Porphyromonas	Bacteria.Bacteroidetes.Bacteroidia.Bacteroidales.Porphyromonadaceae.Tannerella	Bacteria.Bacteroidetes.Bacteroidia.Bacteroidales.Prevotellaceae.Hallella	Bacteria.Bacteroidetes.Bacteroidia.Bacteroidales.Prevotellaceae.Paraprevotella	Bacteria.Bacteroidetes.Bacteroidia.Bacteroidales.Prevotellaceae.Prevotella	Bacteria.Bacteroidetes.Bacteroidia.Bacteroidales.Rikenellaceae.Alistipes	Bacteria.Bacteroidetes.Bacteroidia.Bacteroidales.Rikenellaceae.Rikenella	Bacteria.Bacteroidetes.Flavobacteria.Flavobacteriales.Flavobacteriaceae.Capnocytophaga	Bacteria.Bacteroidetes.Flavobacteria.Flavobacteriales.Flavobacteriaceae.Chryseobacterium	Bacteria.Bacteroidetes.Flavobacteria.Flavobacteriales.Flavobacteriaceae.Cloacibacterium	Bacteria.Bacteroidetes.Flavobacteria.Flavobacteriales.Flavobacteriaceae.Planobacterium	Bacteria.Bacteroidetes.Sphingobacteria.Sphingobacteriales.Sphingobacteriaceae.Mucilaginibacter	Bacteria.Deinococcus_Thermus.Deinococci.Deinococcales.Deinococcaceae.Deinococcus	Bacteria.Firmicutes.Bacilli.Bacillales.Bacillaceae.Bacillus	Bacteria.Firmicutes.Bacilli.Bacillales.Bacillaceae.Exiguobacterium	Bacteria.Firmicutes.Bacilli.Bacillales.Bacillaceae.Lysinibacillus	Bacteria.Firmicutes.Bacilli.Bacillales.Bacillaceae.Tumebacillus	Bacteria.Firmicutes.Bacilli.Bacillales.Planococcaceae.Sporosarcina	Bacteria.Firmicutes.Bacilli.Bacillales.Staphylococcaceae.Gemella	Bacteria.Firmicutes.Bacilli.Bacillales.Staphylococcaceae.Staphylococcus	Bacteria.Firmicutes.Bacilli.Lactobacillales.Aerococcaceae.Abiotrophia	Bacteria.Firmicutes.Bacilli.Lactobacillales.Aerococcaceae.Aerococcus	Bacteria.Firmicutes.Bacilli.Lactobacillales.Carnobacteriaceae.Alloiococcus	Bacteria.Firmicutes.Bacilli.Lactobacillales.Carnobacteriaceae.Dolosigranulum	Bacteria.Firmicutes.Bacilli.Lactobacillales.Carnobacteriaceae.Granulicatella	Bacteria.Firmicutes.Bacilli.Lactobacillales.Enterococcaceae.Enterococcus	Bacteria.Firmicutes.Bacilli.Lactobacillales.Lactobacillaceae.Lactobacillus	Bacteria.Firmicutes.Bacilli.Lactobacillales.Streptococcaceae.Lactococcus	Bacteria.Firmicutes.Bacilli.Lactobacillales.Streptococcaceae.Streptococcus	Bacteria.Firmicutes.Clostridia.Clostridiales.Clostridiaceae.Clostridium	Bacteria.Firmicutes.Clostridia.Clostridiales.Eubacteriaceae.Eubacterium	Bacteria.Firmicutes.Clostridia.Clostridiales.Incertae_Sedis_XIII.Anaerovorax	Bacteria.Firmicutes.Clostridia.Clostridiales.Incertae_Sedis_XIII.Mogibacterium	Bacteria.Firmicutes.Clostridia.Clostridiales.Incertae_Sedis_XIV.Blautia	Bacteria.Firmicutes.Clostridia.Clostridiales.Incertae_Sedis_XIV.Howardella	Bacteria.Firmicutes.Clostridia.Clostridiales.Incertae_Sedis_XI.Anaerococcus	Bacteria.Firmicutes.Clostridia.Clostridiales.Incertae_Sedis_XI.Finegoldia	Bacteria.Firmicutes.Clostridia.Clostridiales.Incertae_Sedis_XI.Parvimonas	Bacteria.Firmicutes.Clostridia.Clostridiales.Incertae_Sedis_XI.Peptoniphilus	Bacteria.Firmicutes.Clostridia.Clostridiales.Lachnospiraceae.Anaerostipes	Bacteria.Firmicutes.Clostridia.Clostridiales.Lachnospiraceae.Butyrivibrio	Bacteria.Firmicutes.Clostridia.Clostridiales.Lachnospiraceae.Catonella	Bacteria.Firmicutes.Clostridia.Clostridiales.Lachnospiraceae.Coprococcus	Bacteria.Firmicutes.Clostridia.Clostridiales.Lachnospiraceae.Dorea	Bacteria.Firmicutes.Clostridia.Clostridiales.Lachnospiraceae.Moryella	Bacteria.Firmicutes.Clostridia.Clostridiales.Lachnospiraceae.Oribacterium	Bacteria.Firmicutes.Clostridia.Clostridiales.Lachnospiraceae.Pseudobutyrivibrio	Bacteria.Firmicutes.Clostridia.Clostridiales.Lachnospiraceae.Roseburia	Bacteria.Firmicutes.Clostridia.Clostridiales.Lachnospiraceae.Shuttleworthia	Bacteria.Firmicutes.Clostridia.Clostridiales.Peptococcaceae.Peptococcus	Bacteria.Firmicutes.Clostridia.Clostridiales.Peptostreptococcaceae.Filifactor	Bacteria.Firmicutes.Clostridia.Clostridiales.Peptostreptococcaceae.Peptostreptococcus	Bacteria.Firmicutes.Clostridia.Clostridiales.Peptostreptococcaceae.Sporacetigenium	Bacteria.Firmicutes.Clostridia.Clostridiales.Ruminococcaceae.Acetanaerobacterium	Bacteria.Firmicutes.Clostridia.Clostridiales.Ruminococcaceae.Acetivibrio	Bacteria.Firmicutes.Clostridia.Clostridiales.Ruminococcaceae.Anaerofilum	Bacteria.Firmicutes.Clostridia.Clostridiales.Ruminococcaceae.Anaerotruncus	Bacteria.Firmicutes.Clostridia.Clostridiales.Ruminococcaceae.Butyricicoccus	Bacteria.Firmicutes.Clostridia.Clostridiales.Ruminococcaceae.Faecalibacterium	Bacteria.Firmicutes.Clostridia.Clostridiales.Ruminococcaceae.Hydrogenoanaerobacterium	Bacteria.Firmicutes.Clostridia.Clostridiales.Ruminococcaceae.Oscillibacter	Bacteria.Firmicutes.Clostridia.Clostridiales.Ruminococcaceae.Papillibacter	Bacteria.Firmicutes.Clostridia.Clostridiales.Ruminococcaceae.Ruminococcus	Bacteria.Firmicutes.Clostridia.Clostridiales.Ruminococcaceae.Sporobacter	Bacteria.Firmicutes.Clostridia.Clostridiales.Ruminococcaceae.Subdoligranulum	Bacteria.Firmicutes.Clostridia.Clostridiales.Veillonellaceae.Acidaminococcus	Bacteria.Firmicutes.Clostridia.Clostridiales.Veillonellaceae.Anaeroglobus	Bacteria.Firmicutes.Clostridia.Clostridiales.Veillonellaceae.Centipeda	Bacteria.Firmicutes.Clostridia.Clostridiales.Veillonellaceae.Dialister	Bacteria.Firmicutes.Clostridia.Clostridiales.Veillonellaceae.Megamonas	Bacteria.Firmicutes.Clostridia.Clostridiales.Veillonellaceae.Megasphaera	Bacteria.Firmicutes.Clostridia.Clostridiales.Veillonellaceae.Mitsuokella	Bacteria.Firmicutes.Clostridia.Clostridiales.Veillonellaceae.Phascolarctobacterium	Bacteria.Firmicutes.Clostridia.Clostridiales.Veillonellaceae.Schwartzia	Bacteria.Firmicutes.Clostridia.Clostridiales.Veillonellaceae.Selenomonas	Bacteria.Firmicutes.Clostridia.Clostridiales.Veillonellaceae.Veillonella	Bacteria.Firmicutes.Erysipelotrichi.Erysipelotrichales.Erysipelotrichaceae.Catenibacterium	Bacteria.Firmicutes.Erysipelotrichi.Erysipelotrichales.Erysipelotrichaceae.Coprobacillus	Bacteria.Firmicutes.Erysipelotrichi.Erysipelotrichales.Erysipelotrichaceae.Holdemania	Bacteria.Firmicutes.Erysipelotrichi.Erysipelotrichales.Erysipelotrichaceae.Solobacterium	Bacteria.Firmicutes.Erysipelotrichi.Erysipelotrichales.Erysipelotrichaceae.Turicibacter	Bacteria.Fusobacteria.Fusobacteria.Fusobacteriales.Fusobacteriaceae.Fusobacterium	Bacteria.Fusobacteria.Fusobacteria.Fusobacteriales.Leptotrichiaceae.Leptotrichia	Bacteria.Fusobacteria.Fusobacteria.Fusobacteriales.Leptotrichiaceae.Sneathia	Bacteria.Lentisphaerae.Lentisphaeria.Victivallales.Victivallaceae.Victivallis	Bacteria.Proteobacteria.Alphaproteobacteria.Caulobacterales.Caulobacteraceae.Brevundimonas	Bacteria.Proteobacteria.Alphaproteobacteria.Caulobacterales.Caulobacteraceae.Phenylobacterium	Bacteria.Proteobacteria.Alphaproteobacteria.Rhizobiales.Bradyrhizobiaceae.Bradyrhizobium	Bacteria.Proteobacteria.Alphaproteobacteria.Rhizobiales.Methylobacteriaceae.Methylobacterium	Bacteria.Proteobacteria.Alphaproteobacteria.Rhizobiales.Rhizobiaceae.Rhizobium	Bacteria.Proteobacteria.Alphaproteobacteria.Rhodobacterales.Rhodobacteraceae.Paracoccus	Bacteria.Proteobacteria.Alphaproteobacteria.Rhodobacterales.Rhodobacteraceae.Rhodobacter	Bacteria.Proteobacteria.Alphaproteobacteria.Rhodobacterales.Rhodobacteraceae.Rubellimicrobium	Bacteria.Proteobacteria.Alphaproteobacteria.Rhodospirillales.Acetobacteraceae.Craurococcus	Bacteria.Proteobacteria.Alphaproteobacteria.Rhodospirillales.Acetobacteraceae.Roseomonas	Bacteria.Proteobacteria.Alphaproteobacteria.Sphingomonadales.Sphingomonadaceae.Novosphingobium	Bacteria.Proteobacteria.Alphaproteobacteria.Sphingomonadales.Sphingomonadaceae.Sphingobium	Bacteria.Proteobacteria.Alphaproteobacteria.Sphingomonadales.Sphingomonadaceae.Sphingomonas	Bacteria.Proteobacteria.Betaproteobacteria.Burkholderiales.Alcaligenaceae.Parasutterella	Bacteria.Proteobacteria.Betaproteobacteria.Burkholderiales.Alcaligenaceae.Sutterella	Bacteria.Proteobacteria.Betaproteobacteria.Burkholderiales.Burkholderiaceae.Burkholderia	Bacteria.Proteobacteria.Betaproteobacteria.Burkholderiales.Burkholderiaceae.Ralstonia	Bacteria.Proteobacteria.Betaproteobacteria.Burkholderiales.Burkholderiales_incertae_sedis.Aquabacterium	Bacteria.Proteobacteria.Betaproteobacteria.Burkholderiales.Comamonadaceae.Acidovorax	Bacteria.Proteobacteria.Betaproteobacteria.Burkholderiales.Comamonadaceae.Comamonas	Bacteria.Proteobacteria.Betaproteobacteria.Burkholderiales.Comamonadaceae.Delftia	Bacteria.Proteobacteria.Betaproteobacteria.Burkholderiales.Comamonadaceae.Diaphorobacter	Bacteria.Proteobacteria.Betaproteobacteria.Burkholderiales.Comamonadaceae.Pelomonas	Bacteria.Proteobacteria.Betaproteobacteria.Burkholderiales.Comamonadaceae.Roseateles	Bacteria.Proteobacteria.Betaproteobacteria.Burkholderiales.Oxalobacteraceae.Janthinobacterium	Bacteria.Proteobacteria.Betaproteobacteria.Burkholderiales.Oxalobacteraceae.Massilia	Bacteria.Proteobacteria.Betaproteobacteria.Burkholderiales.Oxalobacteraceae.Oxalobacter	Bacteria.Proteobacteria.Betaproteobacteria.Neisseriales.Neisseriaceae.Kingella	Bacteria.Proteobacteria.Betaproteobacteria.Neisseriales.Neisseriaceae.Neisseria	Bacteria.Proteobacteria.Betaproteobacteria.Neisseriales.Neisseriaceae.Simonsiella	Bacteria.Proteobacteria.Betaproteobacteria.Neisseriales.Neisseriaceae.Stenoxybacter	Bacteria.Proteobacteria.Deltaproteobacteria.Desulfovibrionales.Desulfovibrionaceae.Desulfovibrio	Bacteria.Proteobacteria.Deltaproteobacteria.Desulfovibrionales.Desulfovibrionaceae.Lawsonia	Bacteria.Proteobacteria.Epsilonproteobacteria.Campylobacterales.Campylobacteraceae.Campylobacter	Bacteria.Proteobacteria.Epsilonproteobacteria.Campylobacterales.Helicobacteraceae.Helicobacter	Bacteria.Proteobacteria.Gammaproteobacteria.Cardiobacteriales.Cardiobacteriaceae.Cardiobacterium	Bacteria.Proteobacteria.Gammaproteobacteria.Enterobacteriales.Enterobacteriaceae.Buttiauxella	Bacteria.Proteobacteria.Gammaproteobacteria.Enterobacteriales.Enterobacteriaceae.Citrobacter	Bacteria.Proteobacteria.Gammaproteobacteria.Enterobacteriales.Enterobacteriaceae.Cronobacter	Bacteria.Proteobacteria.Gammaproteobacteria.Enterobacteriales.Enterobacteriaceae.Enterobacter	Bacteria.Proteobacteria.Gammaproteobacteria.Enterobacteriales.Enterobacteriaceae.Escherichia_Shigella	Bacteria.Proteobacteria.Gammaproteobacteria.Enterobacteriales.Enterobacteriaceae.Klebsiella	Bacteria.Proteobacteria.Gammaproteobacteria.Enterobacteriales.Enterobacteriaceae.Providencia	Bacteria.Proteobacteria.Gammaproteobacteria.Enterobacteriales.Enterobacteriaceae.Raoultella	Bacteria.Proteobacteria.Gammaproteobacteria.Enterobacteriales.Enterobacteriaceae.Serratia	Bacteria.Proteobacteria.Gammaproteobacteria.Pasteurellales.Pasteurellaceae.Actinobacillus	Bacteria.Proteobacteria.Gammaproteobacteria.Pasteurellales.Pasteurellaceae.Aggregatibacter	Bacteria.Proteobacteria.Gammaproteobacteria.Pasteurellales.Pasteurellaceae.Haemophilus	Bacteria.Proteobacteria.Gammaproteobacteria.Pasteurellales.Pasteurellaceae.Pasteurella	Bacteria.Proteobacteria.Gammaproteobacteria.Pseudomonadales.Moraxellaceae.Acinetobacter	Bacteria.Proteobacteria.Gammaproteobacteria.Pseudomonadales.Moraxellaceae.Enhydrobacter	Bacteria.Proteobacteria.Gammaproteobacteria.Pseudomonadales.Moraxellaceae.Moraxella	Bacteria.Proteobacteria.Gammaproteobacteria.Pseudomonadales.Pseudomonadaceae.Pseudomonas	Bacteria.Proteobacteria.Gammaproteobacteria.Xanthomonadales.Xanthomonadaceae.Stenotrophomonas	Bacteria.Proteobacteria.Gammaproteobacteria.Xanthomonadales.Xanthomonadaceae.Xanthomonas	Bacteria.Spirochaetes.Spirochaetes.Spirochaetales.Spirochaetaceae.Treponema	Bacteria.Tenericutes.Mollicutes.Mycoplasmatales.Mycoplasmataceae.Mycoplasma	Bacteria.Tenericutes.Mollicutes.Mycoplasmatales.Mycoplasmataceae.Ureaplasma	Bacteria.Verrucomicrobia.Opitutae.Puniceicoccales.Puniceicoccaceae.Coraliomargarita	Bacteria.Verrucomicrobia.Verrucomicrobiae.Verrucomicrobiales.Verrucomicrobiaceae.Akkermansia
Sample1	-11.3093666295143	NA	NA	-10.3093684601563	NA	NA	NA	NA	NA	NA	NA	NA	NA	-9.30937029080053	NA	NA	NA	NA	NA	-0.0515038077562197	NA	NA	NA	NA	-9.72440779007937	NA	NA	-6.23897486077064	NA	NA	NA	NA	-12.6312983856879	NA	NA	NA	NA	-9.30937029080053	NA	NA	-12.0463297828282	NA	NA	NA	NA	NA	NA	NA	NA	NA	NA	-11.6312938090816	-9.93085021843884	NA	NA	NA	NA	NA	NA	NA	NA	-8.82393954082401	NA	-10.6312960973829	NA	-13.6312965550436	NA	NA	NA	NA	-10.6312960973829	NA	NA	NA	-11.6312938090816	NA	NA	NA	-10.0463328338943	NA	NA	NA	NA	NA	NA	NA	NA	NA	NA	-11.6312938090816	NA	NA	NA	NA	NA	-10.3093684601563	NA	NA	NA	NA	NA	NA	NA	NA	NA	-11.6312938090816	-13.6312965550436	-11.0463328338943	NA	NA	NA	NA	NA	NA	NA	NA	NA	NA	NA	NA	NA	NA	NA	NA	NA	NA	NA	NA	NA	NA	NA	NA	NA	NA	NA	NA	NA	NA	NA	NA	NA	NA	NA	NA	NA	NA	NA	NA	NA	NA	NA	NA	NA	NA	NA	NA	NA	NA	-12.6312983856879	NA	NA	NA	NA	NA	NA	NA	NA	NA	NA	NA	-13.6312965550436	-10.3093684601563	NA	NA	NA	NA	NA	NA
Sample11	-13.8203786359927	NA	NA	-11.2354147439369	NA	NA	NA	NA	NA	NA	NA	NA	NA	-10.3609443611723	NA	NA	NA	NA	NA	-3.3285261773585	NA	NA	NA	NA	NA	-11.8203755054917	NA	-0.536277112471305	NA	NA	NA	NA	-4.21675156136041	NA	NA	NA	NA	NA	NA	NA	NA	NA	NA	NA	NA	NA	NA	NA	NA	NA	NA	NA	-4.1603834762067	NA	NA	NA	NA	NA	NA	NA	NA	NA	NA	-9.91349360573607	-11.8203755054917	NA	-6.58196941860204	NA	-11.4984505411053	-13.8203786359927	NA	NA	NA	NA	NA	-11.4984505411053	NA	NA	NA	-13.8203786359927	-6.54425126852378	NA	NA	NA	NA	-12.8203807229971	NA	-11.2354147439369	NA	-12.2354147439369	-11.4984505411053	-7.96239792872762	NA	-6.41098671773629	-12.8203807229971	-7.01301834736609	NA	-12.2354147439369	NA	NA	NA	-8.86617936341114	NA	NA	NA	NA	NA	NA	NA	NA	-11.0130243102218	NA	NA	NA	NA	NA	NA	NA	NA	NA	-12.8203807229971	NA	NA	NA	NA	NA	NA	NA	NA	NA	NA	NA	-6.88964595142746	NA	NA	NA	NA	NA	NA	NA	NA	NA	NA	NA	NA	NA	-13.8203786359927	NA	NA	NA	NA	NA	NA	NA	NA	NA	NA	-13.8203786359927	NA	NA	NA	NA	NA	NA	NA	NA	NA	-13.8203786359927	NA	NA	NA	-12.8203807229971	NA	NA	NA	NA	NA	NA
Sample12	NA	NA	NA	-1.13098459679017	NA	NA	NA	NA	NA	NA	-8.28688757414326	NA	-12.0942433973702	NA	NA	NA	NA	NA	NA	-6.45038720759547	NA	NA	-8.63480719096765	NA	NA	NA	NA	-10.7723127792101	NA	NA	NA	NA	-13.0942433973702	NA	NA	NA	NA	-6.90441762870135	NA	NA	NA	NA	NA	NA	NA	NA	NA	NA	NA	NA	NA	NA	-1.35615119684279	NA	NA	NA	-12.0942433973702	NA	NA	NA	NA	NA	NA	NA	NA	NA	-13.0942433973702	NA	-12.0942433973702	NA	NA	NA	NA	NA	NA	-6.52438048484092	NA	NA	NA	NA	NA	-8.39380173824972	NA	NA	NA	NA	NA	NA	NA	NA	NA	NA	NA	NA	NA	NA	NA	NA	NA	NA	NA	NA	NA	NA	-7.84631521990705	NA	NA	NA	NA	NA	NA	-7.53965374039228	NA	NA	-10.2868866729745	NA	NA	NA	NA	NA	-12.0942433973702	NA	NA	-11.509280896649	NA	NA	NA	-13.0942433973702	NA	NA	-7.66797658884115	NA	NA	NA	-8.28688757414326	NA	NA	NA	NA	NA	-5.03354826897263	NA	NA	-7.42181582898139	NA	-6.39380416447436	-8.63480719096765	NA	NA	NA	NA	NA	NA	NA	NA	NA	NA	NA	NA	NA	NA	NA	NA	NA	NA	NA	NA	-6.65129801631731	NA	NA	-13.0942433973702	NA	NA	NA	NA	NA	NA	NA
Sample17	-12.647572738597	NA	NA	-6.29002479806194	NA	NA	NA	NA	NA	NA	NA	NA	NA	-13.6475745900112	-13.6475745900112	NA	NA	NA	NA	-0.339087807556363	NA	NA	NA	NA	NA	NA	NA	-8.64757736713689	NA	-13.6475745900112	NA	-13.6475745900112	-9.94713586878641	NA	NA	NA	NA	-12.647572738597	-9.94713586878641	NA	-12.647572738597	NA	NA	NA	NA	NA	NA	NA	NA	NA	NA	-12.647572738597	-2.53383545173108	NA	NA	NA	-11.6475773671369	-11.3256483465404	-12.647572738597	-13.6475745900112	NA	-8.6031797413075	NA	NA	NA	NA	-12.647572738597	NA	-12.647572738597	NA	NA	NA	NA	NA	NA	NA	NA	NA	NA	NA	NA	NA	NA	NA	NA	NA	NA	NA	NA	NA	NA	-11.3256483465404	NA	-11.3256483465404	NA	-12.0626102378759	NA	NA	NA	NA	NA	-10.0626148664157	NA	NA	NA	-12.647572738597	NA	NA	-11.6475773671369	NA	NA	NA	NA	NA	-12.0626102378759	NA	NA	NA	NA	NA	NA	NA	NA	-12.0626102378759	NA	NA	NA	NA	NA	-13.6475745900112	NA	-13.6475745900112	NA	-13.6475745900112	NA	NA	NA	NA	NA	NA	NA	NA	NA	NA	NA	NA	NA	NA	NA	NA	NA	NA	NA	NA	NA	NA	NA	NA	NA	NA	NA	NA	NA	NA	NA	-13.6475745900112	NA	NA	-12.0626102378759	NA	NA	NA	NA	NA	NA	NA	NA	NA
Sample19	-9.1927585194524	NA	NA	-11.2879215854982	NA	NA	NA	NA	NA	NA	NA	NA	NA	NA	-8.77007133386128	NA	NA	NA	NA	-0.376871057976905	NA	NA	NA	NA	NA	NA	NA	NA	NA	NA	NA	NA	-8.68126422903656	NA	NA	NA	NA	-8.61806761057805	NA	NA	NA	NA	NA	NA	NA	-13.7473497772419	NA	NA	NA	NA	NA	NA	-3.06172173687684	NA	NA	NA	NA	NA	NA	-7.95293317806737	NA	-7.2961429168201	NA	NA	NA	NA	-12.162391905835	NA	-4.55013377024736	NA	NA	NA	NA	NA	NA	NA	NA	NA	NA	NA	NA	-10.0469111274028	NA	NA	NA	NA	NA	NA	NA	NA	NA	-10.2237918754283	NA	NA	NA	NA	NA	NA	NA	NA	NA	-8.25549690135545	NA	NA	-10.4254216823546	NA	NA	NA	-9.61807327913152	NA	NA	NA	NA	NA	-9.94000420830398	NA	NA	NA	NA	-12.162391905835	NA	NA	NA	NA	NA	NA	NA	NA	NA	NA	NA	NA	NA	NA	-7.80483828821378	NA	NA	NA	NA	NA	-6.44814323897392	NA	NA	NA	NA	-8.79315596284292	NA	NA	NA	NA	NA	NA	NA	NA	NA	NA	-12.162391905835	-12.162391905835	-11.4254236663446	-6.9725682528891	-9.4994234124238	NA	NA	NA	NA	NA	NA	NA	NA	NA	-10.4994275892514	NA	NA	NA	NA	NA	NA	NA
Sample22	NA	NA	NA	-7.29712504488748	NA	NA	NA	NA	NA	NA	NA	NA	NA	NA	NA	NA	NA	NA	NA	-0.0555388184270194	NA	NA	NA	NA	NA	NA	NA	-12.3415205256264	NA	NA	NA	NA	NA	NA	NA	NA	NA	NA	NA	NA	NA	NA	NA	NA	NA	NA	NA	NA	NA	NA	NA	NA	-5.35283619259897	NA	NA	NA	NA	NA	NA	NA	NA	-10.3415205256264	NA	NA	NA	NA	NA	NA	-8.43462993001788	NA	NA	NA	NA	NA	NA	NA	NA	NA	NA	NA	NA	NA	NA	NA	NA	NA	NA	NA	NA	NA	NA	NA	NA	NA	NA	NA	NA	NA	NA	NA	NA	NA	NA	NA	NA	NA	NA	NA	NA	NA	NA	NA	NA	NA	NA	NA	NA	NA	NA	NA	NA	NA	NA	NA	NA	NA	NA	NA	NA	NA	NA	NA	NA	NA	NA	NA	NA	NA	NA	NA	NA	NA	NA	NA	NA	NA	NA	NA	NA	NA	NA	NA	NA	NA	NA	NA	NA	NA	NA	NA	NA	NA	NA	NA	NA	NA	NA	NA	NA	NA	NA	NA	NA	NA	NA	NA	NA	NA
Sample24	-12.8876007637545	NA	NA	-12.8876007637545	NA	NA	NA	NA	NA	NA	NA	NA	NA	-8.88759803057262	NA	NA	NA	-12.8876007637545	NA	-0.331334407133532	NA	NA	NA	NA	NA	NA	NA	-9.30264008515753	NA	NA	NA	NA	-12.8876007637545	-11.8876007637545	NA	NA	NA	-9.88759803057262	NA	NA	-11.8876007637545	NA	NA	NA	NA	NA	NA	NA	NA	-12.8876007637545	NA	-11.3026382630334	-2.50930665531027	-11.8876007637545	NA	NA	NA	-11.8876007637545	NA	NA	NA	-7.36404023370753	NA	NA	NA	NA	NA	NA	-12.8876007637545	-12.8876007637545	NA	-12.8876007637545	NA	NA	NA	NA	NA	NA	-11.3026382630334	NA	NA	NA	-12.8876007637545	NA	NA	NA	NA	NA	NA	NA	NA	-11.8876007637545	NA	NA	NA	-12.8876007637545	NA	NA	NA	NA	NA	NA	NA	NA	NA	NA	NA	NA	-12.8876007637545	NA	NA	NA	NA	NA	-12.8876007637545	NA	NA	NA	NA	NA	NA	NA	NA	NA	NA	NA	NA	NA	NA	NA	NA	-10.8876034969416	NA	-11.3026382630334	NA	NA	NA	NA	NA	NA	NA	NA	NA	NA	NA	NA	NA	NA	NA	NA	NA	NA	NA	NA	NA	NA	NA	NA	NA	NA	NA	NA	NA	NA	NA	-12.8876007637545	NA	-10.5656726688672	NA	NA	NA	NA	NA	NA	NA	NA	NA	NA
Sample29	-12.8488127654182	NA	NA	-9.14838205268271	NA	NA	NA	NA	NA	NA	NA	NA	NA	-12.8488127654182	NA	NA	NA	NA	NA	-1.27991069565205	NA	NA	NA	NA	NA	NA	NA	-9.84882074747943	NA	NA	NA	NA	-12.8488127654182	NA	NA	NA	NA	NA	NA	NA	-12.8488127654182	NA	NA	NA	NA	NA	NA	NA	NA	NA	NA	NA	-6.56341682304483	NA	NA	NA	NA	NA	NA	-10.2638573598604	NA	-8.9419328125678	NA	NA	NA	NA	-12.8488127654182	NA	-11.8488180867874	NA	NA	NA	NA	NA	NA	NA	NA	NA	NA	NA	NA	NA	NA	NA	NA	NA	NA	NA	NA	NA	NA	NA	NA	NA	NA	NA	NA	NA	NA	NA	NA	NA	NA	NA	NA	NA	NA	NA	NA	NA	NA	NA	NA	NA	NA	NA	NA	NA	NA	NA	NA	NA	NA	NA	NA	NA	NA	NA	NA	NA	NA	NA	NA	NA	NA	NA	NA	NA	NA	NA	NA	NA	NA	NA	NA	NA	NA	NA	-10.041463924927	NA	NA	NA	NA	NA	NA	NA	NA	NA	NA	NA	NA	NA	NA	NA	NA	NA	NA	NA	NA	NA	-12.8488127654182	NA	NA	NA	NA	NA	NA	NA
Sample38	NA	NA	NA	-5.7134973136623	NA	NA	-13.2370644174794	NA	NA	NA	NA	NA	NA	-11.6520972736797	NA	NA	NA	NA	NA	-0.250685424852269	NA	NA	NA	NA	NA	NA	NA	-9.23705397057371	-13.2370644174794	NA	NA	NA	-13.2370644174794	NA	NA	NA	-12.2370574528672	-10.0671347729585	NA	NA	NA	NA	NA	NA	NA	NA	NA	NA	NA	NA	NA	NA	-3.04847188356706	NA	NA	NA	NA	NA	NA	NA	NA	-9.06713477295855	NA	NA	NA	NA	NA	NA	-11.6520972736797	-13.2370644174794	NA	NA	NA	NA	NA	-13.2370644174794	NA	NA	NA	NA	NA	NA	NA	NA	NA	NA	NA	NA	NA	NA	NA	-11.6520972736797	NA	-12.2370574528672	NA	NA	NA	-13.2370644174794	NA	NA	NA	-13.2370644174794	NA	NA	NA	NA	NA	NA	-12.2370574528672	NA	NA	NA	NA	NA	NA	NA	NA	NA	NA	NA	NA	-12.2370574528672	NA	NA	NA	NA	NA	NA	NA	NA	NA	NA	NA	NA	NA	NA	NA	NA	NA	NA	NA	NA	NA	NA	NA	NA	NA	NA	NA	NA	NA	NA	NA	NA	NA	NA	NA	NA	NA	NA	NA	NA	NA	NA	NA	NA	NA	-12.2370574528672	NA	NA	-13.2370644174794	NA	NA	NA	NA	NA	NA	NA
Sample39	NA	NA	NA	-5.89819719186305	NA	NA	NA	NA	NA	NA	NA	NA	NA	-9.51710530367524	-10.3244620756277	NA	NA	NA	NA	-0.476622720727787	NA	NA	NA	NA	NA	-8.62402050759175	NA	-7.28006610637439	NA	NA	NA	-10.7394977250117	-9.15453522429053	NA	NA	NA	NA	-5.0390589555343	-7.41756963012432	NA	NA	NA	NA	NA	NA	NA	NA	NA	NA	-10.7394977250117	NA	NA	-2.5595877844712	NA	NA	NA	NA	NA	NA	NA	NA	NA	-10.3244620756277	-12.3244602257328	NA	NA	-7.80090148688572	NA	NA	NA	NA	NA	NA	NA	NA	NA	-10.3244620756277	NA	NA	-12.3244602257328	-10.7394977250117	NA	NA	NA	NA	NA	NA	NA	NA	NA	NA	-8.51710530367524	NA	-8.2369973844825	NA	-8.15453522429053	NA	-10.0025321308455	NA	NA	NA	NA	NA	NA	NA	NA	NA	NA	NA	-10.7394977250117	NA	NA	NA	NA	NA	NA	NA	-9.73949772501169	NA	NA	NA	NA	NA	NA	NA	NA	NA	NA	NA	-10.7394977250117	NA	NA	NA	NA	NA	NA	NA	NA	NA	NA	NA	NA	-11.3244639255248	NA	NA	NA	NA	NA	NA	NA	NA	NA	NA	NA	NA	NA	NA	NA	NA	NA	NA	NA	NA	NA	NA	NA	NA	NA	NA	NA	NA	NA	NA	NA	NA	NA	NA	NA
Sample7	-12.0136714265083	NA	NA	-0.877319330639563	NA	NA	NA	NA	NA	NA	NA	-12.0136714265083	NA	NA	NA	-12.0136714265083	-10.4287089257871	NA	NA	-3.30977423349087	NA	NA	NA	NA	-7.92621069074533	NA	NA	NA	NA	NA	NA	NA	NA	-9.20631309557288	NA	NA	NA	-8.31322895504219	NA	NA	-12.0136714265083	NA	-8.84374775074286	NA	NA	NA	NA	-11.0136714265083	NA	-9.20631309557288	NA	-9.69174333162093	-4.1371552415022	NA	NA	-8.69174333162093	-2.3149694733089	-11.0136714265083	NA	-12.0136714265083	NA	-5.92620718160141	NA	-11.0136714265083	NA	NA	NA	NA	-8.4287069372741	NA	NA	NA	NA	NA	NA	NA	NA	NA	-10.4287089257871	NA	NA	NA	NA	NA	-11.0136714265083	NA	NA	NA	NA	NA	NA	NA	NA	NA	NA	NA	NA	NA	NA	NA	NA	NA	NA	-11.0136714265083	NA	NA	NA	NA	-10.4287089257871	NA	NA	NA	NA	NA	-8.84374775074286	-11.0136714265083	-11.0136714265083	NA	NA	NA	NA	NA	-12.0136714265083	-10.4287089257871	NA	-11.0136714265083	NA	NA	-11.0136714265083	-12.0136714265083	-12.0136714265083	NA	NA	NA	NA	-7.76574454101676	-8.55423872322718	-10.4287089257871	NA	NA	NA	NA	NA	-11.0136714265083	NA	NA	-12.0136714265083	NA	NA	NA	NA	-10.4287089257871	NA	NA	NA	NA	NA	-10.0136714265083	NA	NA	NA	NA	-10.4287089257871	-12.0136714265083	NA	-8.69174333162093	NA	-8.01367440928299	-9.69174333162093	NA	-8.20631309557288	NA	NA	NA	NA	NA	NA	NA
Sample13	-11.4996573333927	NA	NA	-0.348008293777002	NA	-11.1777300740053	-12.4996615108975	NA	NA	NA	NA	NA	NA	NA	NA	NA	NA	NA	NA	-3.9298041436157	NA	NA	NA	NA	NA	-13.4996548268956	NA	-7.59276534528522	NA	NA	NA	-13.4996548268956	-11.9146934401726	-12.4996615108975	NA	NA	NA	-7.69230718562734	-11.4996573333927	NA	NA	NA	NA	NA	NA	NA	NA	NA	NA	NA	NA	NA	-3.71993688991381	NA	NA	NA	-5.22819485978437	NA	-13.4996548268956	NA	NA	-10.1777267320082	NA	NA	NA	NA	NA	NA	-6.77173821878255	-8.54545819309002	NA	-6.92979974624785	NA	NA	-13.4996548268956	-13.4996548268956	-13.4996548268956	NA	NA	NA	NA	NA	NA	NA	NA	NA	NA	NA	NA	NA	NA	-11.4996573333927	NA	-10.3297290827883	NA	-11.1777300740053	NA	-13.4996548268956	NA	NA	NA	NA	NA	NA	NA	-12.4996615108975	NA	NA	NA	NA	NA	NA	NA	NA	-13.4996548268956	NA	NA	-11.1777300740053	NA	-13.4996548268956	NA	NA	NA	NA	NA	NA	NA	NA	NA	NA	NA	-12.4996615108975	NA	NA	NA	NA	NA	NA	NA	NA	-11.4996573333927	NA	NA	NA	NA	NA	NA	NA	NA	NA	NA	-13.4996548268956	NA	NA	NA	NA	-13.4996548268956	NA	NA	NA	NA	NA	NA	NA	NA	-13.4996548268956	NA	NA	NA	NA	-12.4996615108975	-13.4996548268956	NA	NA	NA	NA	NA	NA
Sample16	-12.4604542862629	NA	NA	-1.58547474839001	NA	NA	NA	NA	NA	NA	NA	NA	NA	-8.76001644451227	NA	NA	NA	NA	NA	-1.95563665846405	NA	NA	NA	NA	NA	NA	NA	-10.4604583517787	NA	NA	NA	NA	-12.4604542862629	NA	NA	NA	NA	-12.4604542862629	-11.4604583517787	NA	NA	NA	NA	NA	NA	NA	NA	NA	NA	NA	NA	-10.4604583517787	-2.32988481871571	NA	NA	NA	-2.79157763282022	-10.8754944958843	NA	NA	NA	-6.84574759499566	NA	NA	NA	NA	NA	NA	-5.48317474995444	-9.46046241730596	NA	-6.93689692600719	NA	NA	NA	NA	NA	NA	NA	NA	-12.4604542862629	NA	NA	NA	NA	NA	NA	NA	NA	NA	NA	NA	NA	NA	NA	NA	NA	NA	NA	NA	NA	NA	NA	-12.4604542862629	NA	NA	NA	NA	-12.4604542862629	NA	NA	NA	NA	NA	-12.4604542862629	NA	NA	NA	NA	NA	NA	NA	-11.4604583517787	NA	NA	NA	NA	NA	NA	NA	NA	NA	NA	NA	NA	NA	NA	NA	NA	NA	NA	NA	NA	NA	NA	NA	-12.4604542862629	NA	NA	NA	NA	NA	NA	NA	NA	NA	NA	NA	NA	NA	NA	NA	NA	NA	NA	-10.4604583517787	NA	NA	-11.4604583517787	NA	NA	NA	NA	NA	NA	NA	NA	NA
Sample21	NA	NA	NA	-1.17607785266709	NA	NA	NA	NA	NA	NA	NA	NA	NA	NA	NA	NA	NA	NA	NA	-2.36472666463959	NA	NA	NA	NA	NA	NA	NA	-11.1571109297589	NA	NA	NA	-11.8351801992127	NA	NA	NA	NA	NA	-10.0696488637032	NA	NA	NA	NA	NA	NA	NA	NA	NA	NA	NA	NA	NA	NA	-3.17341043144049	NA	NA	NA	-4.78207149841196	NA	NA	-11.8351801992127	-9.29912766251139	-10.2502141842874	NA	NA	NA	NA	NA	NA	-6.26229593500526	-6.88098694959135	NA	-5.81725685950162	NA	NA	NA	NA	NA	NA	NA	NA	NA	NA	NA	NA	NA	NA	NA	NA	NA	NA	NA	NA	NA	-11.3497541250874	NA	NA	NA	-10.4566681704735	NA	NA	NA	-12.5721440362758	NA	NA	NA	-13.1571109297589	NA	NA	-12.1571109297589	NA	NA	NA	NA	NA	NA	-13.1571109297589	NA	NA	NA	NA	NA	NA	NA	-14.1571082941001	NA	NA	NA	NA	NA	NA	NA	NA	NA	NA	NA	NA	-11.8351801992127	NA	NA	-11.8351801992127	NA	-13.1571109297589	NA	-10.1571092824716	NA	NA	-14.1571082941001	NA	NA	NA	NA	NA	NA	NA	NA	-12.5721440362758	NA	NA	-14.1571082941001	NA	NA	NA	NA	NA	NA	NA	NA	-12.5721440362758	NA	-2.67935589782569	-11.8351801992127	NA	-12.1571109297589	NA	NA	NA	NA	NA
Sample35	-10.562579835024	NA	NA	-2.43735361666121	NA	NA	-6.11254709977615	NA	NA	NA	NA	NA	NA	-10.6694995705136	NA	NA	NA	NA	NA	-2.29212186718315	NA	NA	-14.3699399935674	-12.7849744382272	NA	NA	NA	-9.78497443822718	NA	NA	-13.3699369389483	NA	-9.78497443822718	-11.200011937506	NA	NA	NA	-9.97761951616957	-10.562579835024	NA	NA	NA	NA	NA	NA	NA	NA	NA	NA	-14.3699399935674	NA	-14.3699399935674	-2.14895421583539	-11.200011937506	-13.3699369389483	NA	-8.61504943678487	-14.3699399935674	-12.7849744382272	-7.6695001579408	NA	-6.03901626628492	-11.5625863806342	-14.3699399935674	NA	NA	NA	NA	-6.69751159697684	-8.16048770118447	NA	-7.40415509798095	NA	NA	NA	-12.7849744382272	NA	NA	NA	NA	-12.7849744382272	-11.7849744382272	NA	NA	NA	-10.048008844061	NA	NA	NA	NA	-12.3699369389483	-12.048008844061	NA	NA	NA	NA	NA	NA	NA	NA	NA	-12.7849744382272	NA	NA	-11.7849744382272	NA	NA	NA	-9.78497443822718	NA	NA	-14.3699399935674	NA	NA	-9.56258201689073	-12.048008844061	NA	NA	-12.048008844061	NA	NA	NA	NA	NA	NA	NA	NA	NA	NA	NA	-13.3699369389483	-11.7849744382272	NA	NA	-11.7849744382272	NA	NA	NA	NA	NA	-10.282474097698	NA	NA	NA	NA	-11.5625863806342	-14.3699399935674	-8.78497443822718	-10.562579835024	NA	NA	-14.3699399935674	-14.3699399935674	NA	NA	-10.9105025433903	NA	-9.08453472008608	-12.3699369389483	NA	-13.3699369389483	-12.048008844061	NA	NA	NA	-12.048008844061	NA	-12.3699369389483	NA	NA	-12.3699369389483	NA	NA	NA	NA	NA	NA	NA
Sample43	-8.04025191930416	NA	NA	-1.95218245197863	NA	NA	-13.1695387340493	NA	NA	NA	NA	NA	NA	NA	NA	NA	NA	-8.81197894858305	NA	-1.36077154191128	NA	-11.3621800141915	NA	NA	NA	-13.1695387340493	NA	-8.44161025395786	NA	NA	NA	NA	NA	-10.5845740179435	NA	NA	NA	-10.3621781152952	NA	NA	NA	NA	NA	NA	NA	-10.1695304263744	-6.69380141993901	-10.5845740179435	NA	NA	-13.1695387340493	-4.923980597005	-3.3849031651005	NA	NA	NA	NA	NA	NA	-9.77721877940265	NA	-4.13748528819987	-8.12513978112872	NA	NA	NA	-8.99960487108878	NA	-7.81198219059802	-9.36217811529518	NA	-5.93112836090502	NA	NA	NA	NA	NA	NA	NA	-13.1695387340493	-10.7100998650749	NA	NA	NA	NA	NA	NA	NA	NA	NA	NA	NA	NA	NA	NA	NA	NA	NA	NA	NA	NA	-9.46909697093764	NA	NA	-10.0820712014002	NA	NA	NA	-6.56962479558893	NA	NA	NA	NA	NA	-9.84761063916194	-13.1695387340493	NA	NA	NA	-11.1695354109736	-9.52567191045926	NA	NA	NA	NA	NA	NA	NA	NA	NA	NA	NA	NA	NA	-8.61494196356558	NA	NA	NA	NA	NA	-6.2037438155719	-9.46909697093764	-9.04025571710434	NA	NA	-11.1695354109736	-7.88413106193864	NA	NA	NA	NA	-7.59967752896368	NA	NA	NA	NA	NA	-10.0820712014002	-8.96008249440849	-6.36217574167826	-12.1695320879055	NA	NA	-13.1695387340493	NA	-12.1695320879055	NA	NA	NA	NA	-10.3621781152952	NA	NA	NA	NA	NA	NA	NA
Sample44	-11.473535238913	NA	NA	-2.24672408649205	NA	NA	-12.4735393414586	NA	NA	NA	NA	NA	NA	-12.0584997909055	NA	NA	NA	NA	NA	-0.920707232727146	NA	NA	NA	-14.0584985601424	NA	NA	NA	-10.473531136379	NA	NA	NA	NA	NA	-14.0584985601424	NA	NA	NA	-11.473535238913	NA	NA	-12.4735393414586	NA	NA	NA	NA	NA	NA	NA	NA	NA	NA	-11.736570465255	-3.77309496850705	NA	NA	NA	NA	-14.0584985601424	NA	-11.736570465255	-9.81056612365662	-8.81057260134715	NA	NA	NA	NA	NA	NA	-4.0264519069072	-7.2256144191025	NA	-4.20519073446018	NA	NA	NA	NA	NA	NA	NA	NA	NA	NA	NA	NA	NA	-14.0584985601424	NA	NA	NA	NA	NA	NA	NA	NA	NA	-12.4735393414586	NA	NA	NA	-13.0584936371002	NA	NA	NA	NA	NA	NA	-13.0584936371002	NA	-11.736570465255	-14.0584985601424	NA	NA	NA	NA	-11.736570465255	-14.0584985601424	NA	NA	NA	NA	NA	NA	NA	NA	NA	NA	NA	NA	NA	NA	NA	NA	NA	NA	NA	-14.0584985601424	NA	NA	NA	NA	NA	NA	NA	NA	NA	NA	NA	NA	-9.20052112998683	NA	NA	NA	NA	NA	NA	NA	NA	NA	NA	NA	NA	NA	NA	-14.0584985601424	NA	NA	NA	NA	NA	NA	NA	NA	NA	-11.736570465255	NA	NA	NA	NA
Sample45	-11.9661421174053	NA	NA	-1.27877260174148	NA	NA	NA	NA	NA	NA	NA	NA	NA	-8.64421402251796	NA	NA	NA	NA	NA	-1.5180274068956	NA	NA	NA	NA	NA	NA	NA	-10.9661392313024	NA	NA	NA	NA	-11.9661421174053	NA	NA	NA	NA	-9.64421402251796	NA	NA	-11.9661421174053	NA	NA	NA	NA	NA	NA	NA	NA	NA	NA	-10.9661392313024	-3.17173238729329	-10.9661392313024	NA	NA	NA	-10.9661392313024	NA	NA	-11.9661421174053	-8.96614500351405	NA	-11.9661421174053	NA	NA	-10.9661392313024	NA	-6.13324866017106	-6.92174694855422	NA	-4.442576773315	NA	NA	NA	NA	NA	NA	NA	NA	NA	NA	NA	NA	NA	NA	NA	NA	NA	NA	NA	-11.9661421174053	NA	NA	NA	NA	NA	NA	NA	NA	NA	-11.9661421174053	NA	NA	NA	-11.9661421174053	NA	NA	-10.9661392313024	NA	NA	NA	NA	NA	-10.9661392313024	NA	NA	NA	NA	NA	NA	NA	-11.9661421174053	NA	NA	NA	NA	NA	NA	NA	NA	-11.9661421174053	NA	-11.9661421174053	-11.9661421174053	NA	NA	NA	NA	NA	NA	NA	NA	NA	NA	-11.9661421174053	NA	NA	NA	NA	NA	NA	-11.9661421174053	NA	NA	NA	NA	-10.9661392313024	NA	NA	NA	NA	NA	NA	NA	-11.9661421174053	NA	-10.9661392313024	NA	NA	NA	NA	NA	-10.3811796166842	NA	NA	NA	NA
Sample47	-13.9425158718606	NA	NA	-0.87122094261389	NA	NA	-13.9425158718606	NA	NA	NA	NA	NA	NA	NA	NA	NA	NA	NA	NA	-3.15215698912399	NA	NA	NA	NA	NA	NA	NA	-5.09389136462254	NA	NA	NA	NA	-8.13515981411286	NA	NA	NA	NA	-8.18762618244283	-11.1351590029061	NA	NA	NA	NA	NA	NA	NA	NA	NA	NA	NA	NA	NA	-7.94251473617047	NA	NA	NA	-1.95312064133073	-13.9425158718606	-8.69458572839908	-11.3575541282667	NA	-11.6205877769733	NA	NA	NA	NA	-13.9425158718606	NA	-8.65710887728166	-9.24206846598819	NA	-6.14809963717848	NA	NA	NA	NA	-13.9425158718606	NA	NA	NA	NA	NA	NA	NA	NA	NA	NA	NA	NA	NA	NA	-12.3575503426344	NA	NA	NA	NA	NA	NA	NA	NA	NA	-8.2986596820859	-12.9425204146302	NA	NA	NA	NA	NA	-13.9425158718606	NA	NA	NA	NA	NA	NA	NA	NA	NA	NA	NA	NA	NA	NA	NA	NA	NA	NA	NA	NA	NA	NA	NA	NA	NA	NA	NA	NA	NA	NA	NA	NA	NA	NA	NA	NA	NA	NA	NA	NA	NA	NA	NA	NA	NA	NA	NA	-9.77259288942526	NA	-7.03562224774699	NA	NA	NA	NA	NA	NA	NA	NA	NA	NA	NA	NA	NA	NA	NA	NA	NA	NA	NA
Sample53	-12.7093049657958	NA	NA	-2.55955376386018	-13.7092991687473	-13.7092991687473	NA	NA	NA	NA	NA	NA	NA	-12.7093049657958	NA	NA	NA	NA	NA	-0.980315163183056	NA	NA	NA	NA	NA	NA	NA	-7.64321000713051	-13.7092991687473	-12.7093049657958	-13.7092991687473	NA	-10.7092977194888	-13.7092991687473	NA	NA	-11.1243360239111	-7.06544297897258	-12.1243360239111	NA	-12.7093049657958	NA	NA	NA	NA	NA	NA	NA	NA	NA	NA	-13.7092991687473	-2.44896541219963	-12.7093049657958	NA	NA	NA	-11.7093001349204	-13.7092991687473	-12.1243360239111	NA	-8.46137236722071	-11.7093001349204	NA	NA	NA	-13.7092991687473	NA	-6.37838328681121	-6.24169068193864	NA	-4.26635480667494	NA	NA	NA	-13.7092991687473	-12.7093049657958	NA	NA	NA	-12.1243360239111	NA	NA	NA	-13.7092991687473	-8.70929892720412	-13.7092991687473	NA	NA	NA	-12.7093049657958	-10.2498680771135	NA	-9.62183075780562	NA	NA	-13.7092991687473	NA	NA	NA	NA	-9.70930496579583	NA	NA	NA	NA	NA	NA	-11.7093001349204	NA	-13.7092991687473	NA	NA	NA	NA	-13.7092991687473	NA	NA	NA	NA	NA	-13.7092991687473	NA	NA	-11.1243360239111	NA	NA	NA	NA	-13.7092991687473	NA	NA	-12.7093049657958	NA	NA	NA	NA	NA	NA	NA	NA	NA	NA	-13.7092991687473	NA	NA	NA	NA	NA	NA	NA	NA	-12.1243360239111	-13.7092991687473	NA	-12.1243360239111	NA	-11.7093001349204	-10.7092977194888	NA	-12.7093049657958	NA	NA	NA	NA	-12.7093049657958	NA	NA	NA	NA	-11.3873691415156	NA	NA	NA	NA	NA	NA	NA
Sample9	-8.30340102311176	-10.8883607892056	-7.56643269431821	-3.21948495621874	NA	NA	NA	NA	-9.08100664846954	-9.08100664846954	NA	NA	-4.16726193746641	-10.8883607892056	-5.62157360924789	-6.3033964654024	-9.56643816357808	-9.56643816357808	NA	-3.01491932385603	NA	NA	NA	-7.30340102311176	-10.3034019346554	NA	NA	-9.08100664846954	NA	NA	NA	NA	NA	-11.8883607892056	-9.30340558083551	NA	NA	-8.08100664846954	NA	NA	NA	-7.13347348960692	NA	NA	-11.8883607892056	NA	-10.8883607892056	-4.62157005779312	NA	-10.8883607892056	-11.8883607892056	-8.71844004163026	-4.9814729282244	NA	NA	-11.8883607892056	-11.8883607892056	-9.88836352383292	NA	-9.88836352383292	-8.88836352383292	-4.27365284258634	NA	NA	NA	NA	-9.56643816357808	NA	-6.75908167887268	-10.8883607892056	-9.56643816357808	-9.56643816357808	NA	NA	NA	NA	NA	NA	NA	NA	-10.3034019346554	NA	NA	NA	-10.8883607892056	-10.3034019346554	NA	-10.8883607892056	NA	NA	NA	-11.8883607892056	NA	NA	NA	-9.30340558083551	NA	NA	NA	NA	NA	-8.42893563424126	NA	-9.56643816357808	NA	NA	NA	-9.56643816357808	-6.88836181469022	NA	NA	NA	NA	NA	-9.56643816357808	-8.88836352383292	-8.56643269431821	NA	-7.98146837051504	NA	NA	-5.54851233931856	-5.9110833832989	-4.77983450934539	-10.8883607892056	NA	NA	-8.71844004163026	-6.53080918477653	-7.56643269431821	-6.84396816146139	NA	NA	NA	NA	NA	-9.88836352383292	NA	-8.71844004163026	NA	NA	NA	NA	-9.30340558083551	NA	NA	-6.88836181469022	NA	NA	NA	NA	NA	NA	NA	-9.56643816357808	NA	NA	-9.56643816357808	NA	-10.3034019346554	NA	NA	NA	NA	NA	-9.56643816357808	NA	-2.24270360632632	-6.46210481076774	NA	-4.63096933609784	-7.88836694212438	-8.71844004163026	-9.56643816357808	NA	NA	NA	NA
Sample18	-12.6708748051171	NA	NA	-5.62649009358606	NA	NA	NA	NA	NA	-9.86351585115222	NA	-12.6708748051171	-9.86351585115222	-8.58341030366827	-12.6708748051171	NA	NA	NA	NA	-0.416440480818129	NA	NA	-9.67087245316981	NA	NA	NA	NA	-7.31332302995748	NA	NA	NA	-10.6708748051171	-8.27855783032871	-10.0859154403316	NA	NA	NA	-9.21144404173429	-9.0859138723629	NA	NA	NA	NA	NA	NA	NA	-9.67087245316981	NA	NA	NA	NA	-9.5009487583644	-2.77909555823044	NA	NA	NA	NA	-9.0859138723629	NA	-9.0859138723629	NA	-6.56235293889397	NA	NA	NA	NA	-11.0859123043959	NA	-9.21144404173429	-11.6708748051171	NA	NA	NA	NA	NA	-10.0859154403316	-12.6708748051171	NA	NA	NA	-9.86351585115222	NA	NA	NA	-12.6708748051171	NA	NA	NA	NA	NA	NA	-8.67087245316981	NA	-8.76398734544423	NA	-9.67087245316981	NA	-8.97043725800765	NA	NA	NA	-9.67087245316981	NA	NA	NA	-10.6708748051171	NA	NA	-10.6708748051171	NA	NA	NA	NA	NA	NA	NA	NA	NA	NA	NA	NA	-10.0859154403316	NA	-9.86351585115222	NA	NA	-11.0859123043959	NA	NA	-9.67087245316981	NA	NA	NA	NA	-11.6708748051171	NA	NA	NA	-10.3489504733533	NA	NA	NA	NA	NA	NA	NA	-9.86351585115222	NA	NA	NA	NA	NA	NA	NA	NA	NA	NA	NA	NA	NA	NA	NA	-12.6708748051171	NA	NA	-11.0859123043959	NA	-9.21144404173429	NA	NA	-10.3489504733533	NA	NA	NA	NA	NA	NA	-11.6708748051171
Sample20	-14.5434548204312	NA	NA	-6.93612291667711	NA	NA	NA	NA	NA	NA	NA	NA	-13.5434548204312	-14.5434548204312	NA	NA	NA	NA	NA	-4.81213700529304	NA	NA	NA	NA	NA	NA	NA	-6.51554958941961	-13.5434548204312	NA	NA	NA	-9.2215284480506	NA	NA	NA	NA	-14.5434548204312	-11.543456542938	NA	NA	NA	-11.3735305845472	NA	NA	NA	-12.543456542938	NA	NA	NA	NA	-14.5434548204312	-0.111174550262849	NA	NA	NA	NA	NA	NA	-12.958496913066	-14.5434548204312	-8.71056758645386	NA	NA	NA	NA	-10.5434586960744	NA	NA	-11.9584911713733	NA	-13.5434548204312	NA	NA	NA	-14.5434548204312	-12.543456542938	NA	NA	NA	NA	NA	NA	NA	NA	NA	NA	NA	NA	NA	NA	-12.2215267255438	NA	NA	NA	-12.958496913066	NA	NA	NA	NA	NA	NA	NA	NA	NA	NA	NA	NA	-12.958496913066	NA	NA	NA	NA	NA	NA	-11.9584911713733	NA	NA	NA	NA	NA	-12.958496913066	-13.5434548204312	NA	NA	NA	NA	NA	NA	NA	NA	NA	NA	-12.543456542938	NA	NA	-11.543456542938	-8.68547525082632	NA	NA	NA	NA	-12.958496913066	NA	NA	NA	-11.543456542938	NA	NA	NA	NA	NA	NA	NA	NA	NA	NA	NA	NA	NA	NA	NA	NA	NA	NA	NA	NA	-9.73609792979689	NA	NA	-10.9584911713733	NA	-14.5434548204312	NA	NA	NA	NA	NA
Sample37	-7.83346738082018	NA	NA	-4.89201545472229	NA	-11.2928973541277	NA	NA	NA	-11.2928973541277	-11.2928973541277	NA	-10.7079336468326	-8.20543983600981	NA	NA	NA	NA	NA	-0.465553862997455	NA	NA	NA	NA	NA	-10.7079336468326	NA	-6.3860127914041	-12.2929009738556	NA	NA	-12.2929009738556	-8.38601037824712	-8.04497269836332	NA	NA	NA	-9.12297436364425	-9.48553984655577	NA	NA	NA	NA	NA	-9.70794088629146	NA	-9.70794088629146	-11.2928973541277	-9.12297436364425	-9.97096853529589	NA	-6.48554501758914	-3.75373834841094	-12.2929009738556	-12.2929009738556	NA	NA	-7.70793786984587	NA	NA	-12.2929009738556	-4.30421423495316	NA	NA	NA	NA	-10.7079336468326	NA	-8.20543983600981	-10.2928973541277	NA	NA	NA	NA	NA	NA	NA	-10.7079336468326	NA	NA	NA	NA	NA	NA	NA	NA	NA	NA	NA	NA	NA	-10.7079336468326	NA	NA	NA	-10.2928973541277	NA	NA	NA	NA	NA	NA	NA	NA	NA	NA	NA	NA	-9.70794088629146	NA	-12.2929009738556	NA	NA	NA	NA	NA	NA	NA	-12.2929009738556	NA	NA	NA	NA	-11.2928973541277	NA	-12.2929009738556	NA	NA	NA	NA	-10.7079336468326	NA	NA	-9.70794088629146	NA	NA	NA	-9.48553984655577	NA	-8.04497269836332	NA	NA	NA	NA	NA	NA	-8.97097287896828	NA	NA	NA	NA	-12.2929009738556	NA	NA	NA	NA	NA	NA	NA	NA	NA	-12.2929009738556	NA	NA	NA	-10.7079336468326	NA	-9.97096853529589	NA	NA	-10.7079336468326	NA	NA	NA	NA	NA	NA	-12.2929009738556
Sample40	-10.8271296872833	NA	NA	-8.05183983232461	-12.2056434073304	NA	NA	NA	-12.52756809493	NA	NA	NA	NA	-13.5275697985729	-11.3576412005535	NA	NA	NA	NA	-0.116918829116759	NA	NA	NA	NA	-14.52756809493	-11.9426112730263	NA	-6.898214400299	-12.52756809493	-13.5275697985729	NA	NA	-11.3576412005535	-14.52756809493	NA	NA	-10.7202156066486	-7.1700173368797	-11.9426112730263	NA	NA	NA	NA	NA	NA	-13.5275697985729	-12.9426112730263	NA	NA	NA	NA	-13.5275697985729	-7.92765718470919	NA	NA	NA	-14.52756809493	NA	NA	NA	-11.0681411225962	-9.72021560664856	-9.03571310566618	-11.7202156066486	NA	NA	NA	NA	-11.52756809493	NA	NA	-11.2056400000427	NA	NA	NA	-9.6695912120473	-10.6206786350832	NA	NA	NA	-12.2056434073304	NA	NA	NA	NA	-7.56178312881135	NA	NA	NA	NA	-12.2056434073304	-10.1352531059274	NA	-10.9426084336148	NA	-14.52756809493	-14.52756809493	-10.8271296872833	NA	NA	NA	-9.13525310592741	NA	NA	-13.5275697985729	NA	NA	-14.52756809493	-12.9426112730263	NA	NA	NA	NA	-11.7202156066486	-9.20564000004266	-11.52756809493	NA	NA	NA	NA	NA	-11.0681411225962	-11.9426112730263	NA	NA	NA	NA	NA	NA	NA	-12.2056434073304	NA	NA	NA	-12.2056434073304	-13.5275697985729	NA	NA	NA	NA	-11.0681411225962	NA	NA	NA	NA	NA	-12.2056434073304	NA	NA	NA	NA	NA	NA	NA	NA	-8.94260701391112	-13.5275697985729	-12.2056434073304	-9.57336793761503	NA	-11.7202156066486	NA	NA	NA	NA	-13.5275697985729	NA	NA	NA	NA	-12.52756809493	NA	NA	NA	NA	NA	NA	NA
Sample46	-9.28936340636351	-12.0967120094168	NA	-5.31535861489646	NA	NA	NA	NA	NA	-10.5117537213621	NA	-11.0967183284211	-5.49680353189979	-11.0967183284211	-11.0967183284211	NA	NA	-10.5117537213621	NA	-0.549339294744285	NA	NA	NA	NA	-11.0967183284211	NA	NA	-6.1898277328126	NA	NA	NA	NA	-10.0967135891653	NA	NA	NA	NA	-10.5117537213621	-9.51175582769996	NA	NA	-12.0967120094168	NA	NA	NA	NA	-10.0967135891653	NA	-11.0967183284211	NA	NA	-12.0967120094168	-2.68732553374985	NA	NA	NA	NA	NA	-8.77478391452941	-12.0967120094168	-12.0967120094168	-8.28936340636351	-10.5117537213621	NA	NA	-10.5117537213621	NA	NA	-9.77479023353376	-7.05232229420994	NA	-9.09671832842112	NA	NA	NA	NA	NA	NA	NA	NA	NA	NA	NA	NA	NA	-12.0967120094168	NA	NA	NA	-10.0967135891653	NA	-12.0967120094168	NA	-8.39627861028002	NA	NA	NA	NA	NA	NA	NA	-9.77479023353376	NA	NA	NA	-8.77478391452941	NA	NA	-9.51175582769996	NA	NA	NA	NA	NA	-12.0967120094168	NA	NA	NA	-12.0967120094168	NA	NA	-10.0967135891653	NA	-5.67045063464379	NA	NA	NA	-9.77479023353376	NA	-12.0967120094168	NA	NA	NA	-11.0967183284211	NA	NA	NA	NA	NA	NA	NA	NA	NA	-11.0967183284211	NA	NA	NA	NA	NA	NA	NA	NA	NA	NA	NA	NA	NA	NA	NA	NA	NA	NA	NA	NA	NA	NA	NA	-11.0967183284211	NA	NA	-10.0967135891653	NA	NA	NA	NA	NA	NA	NA
Sample49	-11.4883431950869	NA	NA	-5.9805480083126	NA	NA	-12.4883431950869	-10.1664117843109	-10.9033779311247	NA	NA	NA	-9.68098590453664	-12.4883431950869	-10.9033779311247	NA	NA	NA	-12.4883431950869	-0.348151529596048	NA	-11.4883431950869	-12.4883431950869	NA	NA	-10.9033779311247	NA	-7.20293800042682	-11.4883431950869	NA	-10.9033779311247	NA	-9.48834526752109	NA	NA	NA	NA	-12.4883431950869	-9.1664151001995	NA	NA	NA	NA	NA	NA	-10.9033779311247	-9.48834526752109	NA	NA	NA	NA	NA	-5.49965968323767	NA	NA	NA	NA	NA	-10.9033779311247	-9.68098590453664	NA	-8.90337931274454	-8.68098590453664	-12.4883431950869	NA	NA	NA	NA	-8.40087937857438	-9.31841450932438	NA	NA	NA	NA	NA	-9.90337240465854	NA	NA	NA	NA	-9.90337240465854	NA	NA	NA	NA	-5.47710861387344	NA	NA	NA	NA	-10.4883411226556	-9.48834526752109	NA	NA	NA	NA	NA	NA	NA	NA	NA	NA	NA	NA	NA	-10.4883411226556	NA	NA	-8.90337931274454	NA	NA	NA	NA	NA	-11.4883431950869	-10.1664117843109	NA	NA	NA	NA	NA	NA	NA	-11.4883431950869	NA	NA	NA	NA	NA	-12.4883431950869	-12.4883431950869	NA	NA	NA	-9.68098590453664	NA	NA	NA	-9.1664151001995	NA	-9.90337240465854	NA	-12.4883431950869	NA	NA	NA	-12.4883431950869	-12.4883431950869	NA	NA	NA	NA	NA	NA	NA	-7.06207689811006	NA	-7.7879015639322	-10.9033779311247	-12.4883431950869	-10.9033779311247	NA	NA	NA	NA	NA	NA	NA	-12.4883431950869	NA	-9.68098590453664	NA	NA	NA	NA	NA	NA	NA
Sample50	-10.9080193399879	NA	-10.3230531430814	-3.58609055206503	NA	NA	NA	NA	NA	NA	NA	-11.9080193399879	NA	NA	NA	NA	NA	NA	NA	-0.230737736278866	NA	NA	NA	NA	NA	NA	NA	NA	NA	NA	NA	NA	-9.32305499117287	NA	NA	NA	NA	NA	-8.73809249045171	NA	NA	NA	NA	NA	NA	NA	NA	NA	NA	NA	NA	NA	-6.41616439556435	NA	NA	NA	NA	NA	NA	NA	NA	NA	NA	NA	NA	NA	NA	NA	-10.3230531430814	NA	NA	NA	NA	NA	NA	NA	NA	NA	NA	NA	-10.9080193399879	NA	NA	NA	NA	NA	NA	-11.9080193399879	NA	NA	NA	NA	NA	NA	NA	NA	NA	NA	NA	NA	NA	NA	NA	NA	NA	NA	NA	NA	-9.90802211213303	NA	NA	NA	NA	NA	NA	NA	NA	NA	NA	NA	NA	NA	NA	NA	NA	NA	NA	NA	-11.9080193399879	NA	NA	NA	NA	-10.3230531430814	NA	NA	NA	NA	-10.3230531430814	NA	NA	-11.9080193399879	-9.10065728958139	NA	NA	NA	NA	NA	NA	NA	NA	NA	NA	NA	-10.9080193399879	NA	NA	-9.90802211213303	NA	-10.9080193399879	NA	NA	NA	NA	NA	NA	NA	-6.69856312729643	NA	NA	-8.58609124510049	NA	NA	NA	NA	NA	NA	NA
Sample52	-9.24476167706066	NA	NA	-5.8755236323889	NA	NA	NA	-11.8297241777818	NA	NA	NA	-11.8297241777818	-8.24476167706066	-11.8297241777818	NA	NA	NA	NA	NA	-0.11333124246229	NA	NA	NA	NA	NA	NA	NA	NA	NA	NA	NA	NA	NA	NA	NA	NA	NA	-11.8297241777818	NA	NA	NA	NA	NA	NA	NA	NA	-10.24475992659	NA	NA	NA	NA	-11.8297241777818	-7.30615879689287	NA	NA	NA	-10.8297241777818	NA	NA	NA	NA	-5.4546831646842	NA	NA	NA	NA	-11.8297241777818	NA	-9.02236550471824	NA	NA	-11.8297241777818	NA	NA	NA	NA	NA	NA	NA	NA	NA	NA	NA	NA	NA	NA	NA	NA	NA	NA	NA	NA	NA	NA	NA	NA	NA	NA	NA	NA	NA	NA	NA	NA	NA	NA	NA	NA	-11.8297241777818	NA	NA	NA	NA	NA	NA	NA	NA	NA	-11.8297241777818	NA	NA	NA	-11.8297241777818	NA	-11.8297241777818	NA	-11.8297241777818	NA	NA	NA	NA	NA	NA	NA	NA	NA	NA	NA	NA	NA	NA	NA	NA	-10.8297241777818	NA	NA	NA	NA	NA	NA	NA	NA	NA	NA	NA	NA	NA	-11.8297241777818	-11.8297241777818	NA	NA	NA	NA	-11.8297241777818	NA	-11.8297241777818	NA	NA	-10.24475992659	NA	-11.8297241777818	NA	NA	NA	NA	NA	NA	NA
Sample55	-7.16409790983756	NA	NA	-5.0738985333617	NA	NA	-12.1182940133138	NA	NA	NA	NA	NA	NA	-10.1182924097571	NA	-10.5333315125926	NA	NA	-12.1182940133138	-4.09592521348103	NA	NA	NA	-12.1182940133138	-10.5333315125926	NA	NA	-4.42480851218626	-9.31093634230304	-9.11829240975714	NA	NA	-7.72597995037372	-9.53332723644557	NA	NA	-8.03083004014092	-5.36339867155707	-5.85150888874828	NA	-9.53332723644557	-12.1182940133138	NA	NA	NA	NA	NA	NA	NA	NA	NA	-8.9483682991794	-5.44586502403959	-12.1182940133138	-12.1182940133138	NA	NA	-9.11829240975714	NA	-0.804841413409067	NA	-3.62644198602283	NA	-10.1182924097571	NA	-12.1182940133138	-9.79637233267073	NA	-8.41785084136062	-9.31093634230304	NA	-12.1182940133138	NA	-11.1182972204324	NA	-9.31093634230304	NA	NA	-10.5333315125926	NA	-8.6588571466796	NA	NA	NA	-9.79637233267073	NA	NA	NA	NA	NA	NA	-8.53332723644557	NA	-9.31093634230304	NA	-8.6588571466796	-9.53332723644557	-8.21140127963015	NA	NA	NA	-11.1182972204324	NA	-9.53332723644557	NA	NA	NA	NA	-6.53333258163135	NA	NA	NA	NA	NA	-8.31093634230304	-8.03083004014092	NA	NA	NA	NA	NA	-12.1182940133138	NA	-12.1182940133138	NA	NA	NA	NA	NA	-10.5333315125926	-10.5333315125926	-10.1182924097571	NA	-10.5333315125926	NA	NA	NA	NA	NA	-10.5333315125926	NA	NA	NA	NA	NA	-10.5333315125926	-7.796369125545	NA	NA	NA	NA	-10.1182924097571	NA	NA	NA	NA	NA	NA	NA	NA	NA	NA	NA	NA	NA	-12.1182940133138	NA	-9.11829240975714	-12.1182940133138	NA	-12.1182940133138	NA	-6.53333258163135	-12.1182940133138	-12.1182940133138	NA	NA	NA
Sample3	NA	NA	NA	NA	NA	NA	NA	NA	NA	NA	NA	NA	NA	NA	NA	NA	NA	NA	NA	NA	NA	NA	NA	NA	NA	NA	NA	-0.563230501407967	NA	NA	NA	NA	-2.97885006914851	NA	NA	NA	NA	NA	NA	NA	NA	NA	NA	NA	NA	NA	NA	NA	NA	NA	NA	NA	NA	NA	NA	NA	NA	NA	NA	NA	NA	NA	NA	-10.8492092611753	-11.2642476475914	NA	-8.20535040999198	NA	NA	NA	NA	NA	NA	NA	NA	-11.2642476475914	NA	NA	NA	-11.2642476475914	-5.37347675721754	NA	NA	NA	NA	-11.8492065997667	NA	-12.8492065997667	NA	-10.5272806340058	-11.8492065997667	-5.63003665036235	NA	-5.38977619085997	NA	-7.49165719164475	NA	-10.8492092611753	NA	NA	NA	-6.67928307688411	NA	NA	NA	NA	NA	NA	NA	NA	-11.2642476475914	NA	NA	-12.8492065997667	NA	NA	NA	NA	NA	NA	NA	NA	NA	NA	NA	NA	NA	NA	NA	NA	NA	-11.2642476475914	-5.97883642089898	NA	NA	NA	NA	NA	NA	NA	NA	NA	NA	NA	NA	NA	NA	NA	NA	NA	NA	NA	NA	NA	NA	NA	NA	NA	NA	NA	NA	NA	NA	NA	NA	NA	NA	NA	NA	NA	NA	NA	NA	NA	NA	NA	NA	NA
Sample5	NA	NA	NA	NA	NA	NA	NA	NA	NA	NA	NA	NA	NA	NA	NA	NA	NA	NA	NA	NA	NA	NA	NA	NA	NA	NA	NA	-1.62609013688223	-7.7096582674064	-6.66235713140815	NA	-8.86166236753236	-4.35916143483785	NA	NA	NA	-5.14487011815596	-2.201868173871	-7.07738975964483	NA	NA	NA	NA	NA	NA	NA	NA	NA	NA	NA	NA	NA	NA	NA	NA	NA	NA	NA	NA	-10.6165481080047	NA	-10.6165481080047	-9.91611170029596	-9.36862023692484	-11.6165503730365	NA	-8.36862023692484	-10.4466228548924	NA	NA	NA	NA	-12.6165458429764	NA	NA	-6.06965777847191	-7.9726896532017	NA	NA	NA	-6.08516732087587	NA	NA	NA	NA	-12.6165458429764	-11.6165503730365	-10.0315908923634	-13.6165494670234	-11.6165503730365	-8.57215392000898	-6.63926131752524	NA	-6.33114455335612	NA	-9.52907873815309	-11.0315863622938	-8.91610473097354	NA	NA	NA	-4.17983885051001	NA	NA	NA	-12.6165458429764	NA	NA	-11.0315863622938	-9.52907873815309	-13.6165494670234	NA	-11.6165503730365	-13.6165494670234	NA	NA	NA	-10.8091935095229	NA	NA	NA	NA	NA	NA	NA	NA	NA	NA	NA	NA	NA	NA	-12.6165458429764	NA	NA	NA	NA	NA	NA	NA	NA	NA	NA	NA	-10.1571158716321	NA	NA	NA	NA	NA	NA	NA	NA	NA	NA	NA	-13.6165494670234	NA	NA	NA	NA	NA	NA	NA	NA	-10.8091935095229	NA	NA	NA	NA	NA	NA	NA	NA	NA	NA	NA	NA
Sample6	NA	NA	NA	NA	NA	NA	NA	NA	NA	NA	NA	NA	NA	NA	NA	NA	NA	NA	NA	NA	NA	NA	-12.7256385085949	NA	NA	NA	NA	-1.15482391365711	NA	-7.24181514321269	NA	-6.80082105879063	-3.50828192059593	NA	NA	NA	NA	NA	-3.68671606388828	-14.7256365542413	NA	NA	NA	NA	NA	NA	NA	NA	NA	NA	NA	NA	NA	NA	NA	NA	NA	NA	NA	NA	NA	-14.7256365542413	-9.86764774172572	-14.7256365542413	-11.266207778301	NA	-7.997719344644	NA	NA	NA	NA	NA	-12.7256385085949	NA	NA	-7.56576833349645	-9.91827381479569	NA	NA	-13.7256365542413	-6.78900037016834	NA	NA	NA	NA	-14.7256365542413	-14.7256365542413	-10.1406760078737	NA	-10.1406760078737	-11.266207778301	-4.8247684706169	-12.7256385085949	-6.34192912544479	NA	-6.82476683517803	-11.9182793986399	-7.997719344644	-8.40370552782844	NA	NA	-9.20207527795911	NA	NA	NA	-6.21388143745666	NA	NA	NA	NA	-12.1406727506192	-13.7256365542413	NA	-13.7256365542413	NA	NA	NA	NA	NA	NA	NA	NA	NA	NA	NA	NA	NA	NA	NA	NA	NA	-7.40370308489512	NA	NA	NA	NA	NA	NA	NA	NA	NA	NA	NA	NA	NA	NA	NA	NA	NA	NA	NA	NA	NA	NA	NA	NA	-12.4037084593539	NA	-12.4037084593539	NA	NA	NA	NA	NA	NA	NA	NA	NA	NA	NA	NA	NA	NA	NA	NA	NA	NA	-7.35930889150845
Sample30	NA	NA	NA	NA	NA	NA	NA	NA	NA	NA	NA	NA	NA	NA	NA	NA	NA	NA	NA	NA	NA	NA	NA	NA	NA	-12.0344552323832	NA	-2.5466077978141	NA	-6.57502031260083	NA	-6.11559494613867	-4.91551768643099	NA	NA	NA	NA	-1.64428455345337	-4.0486151217563	NA	NA	NA	NA	NA	NA	NA	NA	NA	NA	NA	NA	NA	NA	NA	NA	NA	NA	NA	NA	NA	NA	-10.0344567454106	-8.44949676640522	NA	NA	NA	-6.4798680546934	NA	NA	NA	NA	NA	-12.0344552323832	NA	NA	-5.69460515478124	-7.54260415342371	NA	NA	-9.22709425823204	-4.12456339426553	NA	NA	NA	NA	NA	NA	-12.0344552323832	NA	-12.0344552323832	-9.44949676640522	-4.25966820041724	NA	-7.01208881599535	-13.0344612845022	-6.67690455627688	-13.0344612845022	-8.12756261940736	NA	NA	NA	NA	NA	NA	NA	-5.60819005544121	NA	NA	-10.4494947490322	NA	-9.71253318961482	-11.4494907142947	NA	-12.0344552323832	NA	NA	NA	-6.76766892748469	NA	NA	NA	NA	NA	NA	NA	NA	NA	NA	NA	NA	NA	-5.92593524890793	NA	NA	NA	NA	NA	NA	NA	NA	NA	NA	NA	NA	NA	NA	NA	NA	NA	NA	NA	NA	NA	NA	NA	NA	NA	NA	NA	NA	NA	NA	NA	-13.0344612845022	NA	-12.0344552323832	NA	NA	NA	NA	NA	NA	NA	NA	NA	NA	-9.12756665414487	NA
Sample36	NA	NA	NA	NA	NA	NA	NA	NA	NA	NA	NA	NA	NA	NA	NA	NA	NA	NA	NA	NA	NA	NA	-12.8320945121897	NA	NA	NA	NA	-1.61595903733948	-7.24713770986768	-5.34025076709094	NA	-7.34024726037226	-3.35029883245287	NA	NA	NA	NA	-7.54669580003197	-3.34425837579085	NA	NA	NA	NA	NA	NA	NA	NA	NA	NA	NA	NA	NA	NA	NA	NA	NA	NA	NA	NA	NA	NA	-11.8320997722496	NA	NA	-11.8320997722496	NA	-8.1882446344892	NA	NA	NA	NA	NA	-12.8320945121897	NA	NA	-8.13166369569973	-8.9252074232857	NA	NA	NA	-8.58416865981563	NA	-12.8320945121897	NA	NA	NA	NA	-11.8320997722496	NA	-11.2471355181731	-12.8320945121897	-6.94945556388991	NA	-4.59847962365655	NA	-7.02474372303474	-10.8320997722496	-9.37266958817747	NA	NA	NA	-4.7446380139552	NA	NA	NA	-4.91921028323759	NA	NA	NA	NA	NA	NA	NA	NA	NA	NA	NA	NA	NA	NA	NA	NA	NA	NA	NA	NA	NA	NA	NA	NA	NA	-7.02474372303474	-11.8320997722496	NA	NA	NA	NA	NA	NA	NA	NA	NA	NA	NA	NA	NA	NA	NA	NA	NA	NA	NA	NA	NA	NA	NA	NA	NA	NA	NA	NA	NA	NA	NA	NA	NA	NA	NA	NA	NA	NA	NA	NA	NA	NA	NA	NA	-8.7446372404152
Sample41	NA	NA	NA	NA	NA	NA	NA	NA	NA	NA	NA	NA	NA	NA	NA	NA	NA	NA	NA	NA	NA	NA	-12.1633313025814	NA	NA	-13.1633313025814	NA	-1.16545057572184	-5.72871011335993	-5.24447178430705	NA	NA	-4.47683231736969	NA	NA	NA	-5.27459073424229	-11.5783732136165	-2.52038035687741	NA	NA	NA	NA	NA	NA	NA	NA	NA	NA	NA	NA	NA	NA	NA	NA	NA	NA	NA	NA	NA	NA	-9.57837762538628	NA	NA	NA	NA	-7.38197399546756	NA	NA	NA	NA	NA	-9.46290380164459	NA	NA	-7.20913883469115	-9.99341071289535	NA	NA	NA	-5.35597614418006	NA	NA	NA	NA	-13.1633313025814	NA	-13.1633313025814	NA	-13.1633313025814	NA	-4.50512362005449	NA	-5.47683231736969	NA	-6.02377657097412	-9.57837762538628	-5.63195270374328	NA	NA	NA	-13.1633313025814	NA	NA	NA	-11.5783732136165	NA	NA	NA	NA	-8.84140320769401	-13.1633313025814	NA	NA	NA	NA	NA	NA	NA	NA	NA	NA	NA	NA	NA	NA	NA	NA	NA	NA	NA	-5.88720860508216	NA	NA	NA	NA	NA	NA	NA	NA	NA	NA	NA	NA	NA	NA	NA	NA	NA	-10.8414058547462	NA	NA	NA	NA	NA	NA	NA	NA	NA	NA	NA	NA	NA	NA	NA	NA	NA	NA	NA	NA	NA	NA	NA	NA	NA	NA	NA	-8.84140320769401
Sample42	NA	NA	NA	NA	NA	NA	NA	NA	NA	NA	NA	NA	NA	NA	NA	NA	NA	NA	NA	NA	NA	NA	-14.4125047908048	NA	NA	-14.4125047908048	NA	-1.04686441377642	NA	NA	NA	NA	-5.03096116040507	NA	NA	NA	-4.35993441746711	-14.4125047908048	-13.4125063638494	NA	NA	NA	NA	NA	NA	NA	NA	NA	NA	NA	NA	-14.4125047908048	NA	NA	NA	NA	NA	NA	NA	NA	NA	-13.4125063638494	NA	-11.242576992843	NA	NA	-9.02018407212862	NA	NA	NA	NA	NA	NA	NA	NA	-11.242576992843	-13.4125063638494	NA	NA	NA	-11.242576992843	NA	NA	NA	-14.4125047908048	NA	NA	NA	NA	-13.4125063638494	-12.827546484873	-1.80980236494622	NA	-8.28321997609666	NA	NA	NA	-9.65760983126805	-7.33568406680569	NA	NA	-3.67779493425314	NA	NA	NA	NA	NA	NA	-10.605148070984	NA	-10.9530754602329	-10.605148070984	NA	NA	NA	NA	NA	NA	NA	NA	NA	NA	NA	NA	NA	NA	NA	NA	NA	NA	NA	-7.31447307527057	NA	NA	NA	NA	NA	NA	NA	NA	NA	NA	NA	NA	NA	NA	NA	NA	NA	NA	NA	NA	NA	NA	NA	NA	NA	NA	NA	NA	NA	NA	NA	NA	NA	NA	NA	NA	NA	NA	NA	NA	NA	NA	NA	NA	NA	NA
Sample48	NA	NA	NA	-14.140350970121	NA	NA	NA	NA	NA	NA	NA	NA	NA	NA	NA	NA	NA	NA	NA	NA	NA	NA	NA	NA	NA	-12.555382390567	NA	-1.92451391917452	-10.5553845615758	-5.41925401622477	NA	-7.23345646668846	-3.41073200327359	NA	NA	NA	NA	-3.50463393216005	-2.80775027466459	-14.140350970121	NA	NA	NA	NA	NA	NA	NA	NA	NA	NA	NA	-14.140350970121	NA	NA	NA	NA	NA	NA	NA	-12.1403535753429	NA	-11.3329949315412	NA	-7.0742620518504	-9.81842548045558	NA	-8.71408336785618	NA	NA	NA	NA	NA	-13.1403535753429	NA	NA	-7.89242331956063	-9.4964921751291	NA	NA	-12.555382390567	-8.11798375829721	NA	NA	NA	NA	NA	NA	NA	-14.140350970121	-9.5553889036032	-11.1403503188163	-6.48213615991443	-13.1403535753429	-3.98553272395211	-14.140350970121	-11.5553867325879	-13.1403535753429	-8.30745853356119	NA	NA	NA	-4.78940964615214	-11.8184202700165	NA	NA	-5.02400656294515	NA	NA	NA	-9.1861547437735	-13.1403535753429	-11.3329949315412	NA	NA	NA	NA	NA	NA	NA	NA	NA	NA	NA	NA	NA	NA	NA	NA	NA	NA	NA	NA	-10.9704256792099	NA	NA	NA	NA	NA	NA	NA	NA	NA	NA	NA	-8.85494668044472	NA	NA	NA	NA	-11.3329949315412	-14.140350970121	-14.140350970121	NA	NA	NA	NA	NA	NA	-11.8184202700165	NA	NA	NA	NA	NA	NA	NA	NA	NA	NA	NA	NA	NA	NA	NA	NA	NA	NA	-7.3201656214738
Sample51	NA	NA	NA	NA	NA	NA	NA	NA	NA	NA	NA	NA	NA	NA	NA	NA	NA	NA	NA	NA	NA	NA	NA	NA	NA	NA	NA	-1.25696249070222	-6.67314239530397	NA	NA	NA	-3.22317168707922	-13.0568453627262	NA	NA	NA	NA	-3.45786440494543	NA	NA	NA	NA	NA	NA	NA	NA	NA	NA	NA	NA	NA	-14.0568478214345	NA	NA	NA	NA	NA	NA	-13.0568453627262	NA	-11.4718910577156	-14.0568478214345	-11.7349221852596	-14.0568478214345	NA	-8.77144503517762	NA	NA	NA	NA	NA	-10.1499547671176	NA	NA	-8.77144503517762	-9.19886691109001	NA	NA	NA	-6.06816629033343	NA	NA	NA	NA	NA	NA	NA	NA	-10.7349197265471	-11.0568515095048	-4.87197483584839	NA	-6.56500046210713	-13.0568453627262	-8.7349172678388	-12.0568453627262	-9.14995476711765	NA	NA	NA	NA	NA	NA	NA	-7.92756937067318	NA	-14.0568478214345	NA	NA	-14.0568478214345	-11.2494974655605	NA	NA	NA	NA	NA	-11.7349221852596	NA	NA	NA	NA	NA	NA	NA	NA	NA	NA	NA	NA	NA	-6.14396184170518	NA	NA	NA	NA	NA	NA	NA	NA	NA	NA	NA	NA	NA	NA	NA	NA	NA	-10.8869230931822	NA	NA	NA	NA	NA	-14.0568478214345	NA	NA	-13.0568453627262	NA	NA	NA	NA	NA	NA	NA	NA	NA	NA	NA	NA	NA	NA	NA	NA	NA	NA	-9.35640753589878
Sample54	-14.272774412593	NA	NA	NA	NA	NA	NA	NA	NA	NA	NA	NA	NA	NA	NA	NA	NA	NA	NA	-15.272774412593	NA	NA	-14.272774412593	NA	NA	-11.1028513149308	NA	-0.859346972112127	NA	-7.54485191057095	NA	-6.5178877565537	-4.35242354936892	NA	-14.272774412593	NA	NA	NA	-4.76894908367374	NA	-14.272774412593	NA	NA	NA	NA	NA	NA	NA	NA	NA	NA	NA	-13.2727715569275	NA	NA	NA	NA	NA	-14.272774412593	-12.6878138156519	NA	-11.6878138156519	-13.2727715569275	NA	NA	NA	-7.47835453287681	NA	NA	NA	NA	NA	-12.2727715569275	NA	NA	-8.54485999266218	-9.62891822281826	NA	NA	NA	-7.96899062801229	NA	-13.2727715569275	NA	NA	NA	NA	-12.2727715569275	NA	-11.9508463177056	-11.9508463177056	-5.32294988473261	NA	-5.80925013639835	NA	-2.817450072367	-11.2727715569275	-8.31858031304776	NA	NA	NA	-11.4654186746304	NA	NA	NA	-13.2727715569275	NA	NA	-12.2727715569275	NA	-9.74921146326039	NA	NA	NA	NA	-14.272774412593	NA	NA	NA	NA	NA	NA	NA	NA	NA	NA	NA	NA	NA	NA	NA	-7.74921456724885	NA	NA	NA	NA	NA	NA	NA	NA	NA	NA	NA	NA	NA	NA	-14.272774412593	NA	NA	NA	-14.272774412593	NA	NA	-13.2727715569275	NA	NA	-14.272774412593	NA	-14.272774412593	NA	NA	NA	NA	NA	NA	-14.272774412593	NA	NA	NA	NA	NA	NA	NA	NA	NA	NA	NA	NA
Sample2	-3.05380515104162	NA	NA	-2.91584863172536	NA	NA	NA	NA	NA	NA	NA	NA	NA	-4.30341640548714	NA	NA	NA	NA	NA	-13.0432027836935	-14.0431979125707	NA	NA	NA	-10.1363097525215	NA	-14.0431979125707	-12.0431966947926	NA	NA	NA	NA	NA	-8.34276025528722	-11.2358426425764	-14.0431979125707	NA	-5.66381626152355	NA	NA	-4.80957780695878	NA	NA	NA	NA	NA	NA	NA	NA	NA	NA	-10.3427546347734	-14.0431979125707	-7.065914548367	NA	NA	NA	-6.4138376760621	NA	NA	NA	-1.38632502763494	NA	NA	NA	-14.0431979125707	NA	NA	NA	NA	-12.0431966947926	NA	NA	NA	-10.2358426425764	NA	NA	-12.4582362237022	-14.0431979125707	NA	NA	-14.0431979125707	-14.0431979125707	NA	NA	NA	NA	NA	NA	NA	NA	NA	NA	NA	NA	NA	NA	NA	NA	NA	-10.3427546347734	-9.18522220849103	NA	NA	NA	NA	NA	-6.7764135543898	-3.98521053543713	NA	NA	NA	NA	NA	-6.04319631423712	-6.55135104045635	NA	NA	NA	NA	NA	NA	NA	NA	NA	NA	NA	NA	NA	NA	NA	NA	NA	NA	NA	NA	NA	NA	NA	NA	NA	NA	NA	NA	NA	-8.11246325013057	-4.93990943991593	NA	NA	NA	NA	-5.89344691676177	NA	-9.39933928724076	NA	NA	NA	NA	NA	NA	NA	NA	NA	-10.873273722981	-9.34276025528722	-7.58376729029808	NA	NA	NA	NA	NA	NA	NA	-10.7212698176833	NA	NA	NA	NA
Sample4	-5.71269509322105	NA	NA	-9.96061428407367	NA	NA	NA	NA	NA	NA	NA	NA	NA	-6.26813277027134	NA	NA	NA	NA	NA	NA	-12.7679792689064	NA	NA	NA	-7.98661864058112	NA	NA	-12.7679792689064	NA	NA	-13.7679772563458	NA	NA	-4.91935434211027	-10.1830134139191	-8.1830150910512	NA	-2.79212713388294	-13.7679772563458	NA	-6.56829617675494	NA	NA	-13.7679772563458	NA	NA	NA	NA	NA	NA	NA	-5.68051524379654	NA	-9.12412509169515	NA	NA	NA	-5.20573370338822	NA	-13.7679772563458	NA	-2.71676567122271	-13.7679772563458	-12.1830134139191	NA	-9.86108531903172	NA	NA	NA	NA	-10.5980509131979	NA	NA	NA	-5.55852671918123	NA	NA	-7.72358423474733	-6.23660134397642	NA	NA	-11.4460491614584	NA	-12.1830134139191	-9.30854673546848	-9.86108531903172	NA	NA	NA	NA	NA	NA	NA	NA	NA	NA	NA	NA	NA	NA	-12.1830134139191	-6.92248878044862	NA	-10.1830134139191	NA	NA	-9.68051228415193	-7.19812101246995	-3.76235013859609	NA	NA	NA	NA	NA	-3.34697007567182	-6.65944912446411	NA	NA	-12.1830134139191	NA	NA	-13.7679772563458	NA	NA	NA	NA	NA	NA	NA	NA	NA	NA	NA	NA	NA	NA	NA	NA	NA	NA	NA	NA	NA	NA	NA	-9.76796920613128	-5.78498398393312	NA	NA	NA	NA	-6.70189353285033	NA	-13.7679772563458	NA	-11.1830167681853	NA	NA	-13.7679772563458	NA	-13.7679772563458	NA	NA	-9.76796920613128	-12.1830134139191	-5.67521980580146	-12.1830134139191	NA	NA	-13.7679772563458	NA	NA	NA	-3.90533909030476	-7.7456122299405	NA	NA	NA
Sample10	-5.08108380605856	NA	NA	-3.10838794821838	NA	NA	NA	NA	NA	NA	NA	NA	NA	-3.44416814222065	NA	NA	NA	NA	NA	-12.7249351123193	NA	NA	NA	NA	-9.55501987792154	NA	NA	NA	NA	NA	NA	NA	NA	-4.46284589810352	NA	NA	NA	-5.54503242139503	NA	NA	-2.22809076401468	NA	NA	NA	NA	NA	NA	NA	NA	NA	NA	-7.51548623424312	NA	-10.7249424375965	NA	NA	NA	-5.63747916544647	NA	NA	NA	-2.62164819181764	NA	NA	NA	-12.7249351123193	-12.7249351123193	NA	NA	NA	-10.4030109242418	NA	NA	NA	NA	NA	NA	-9.40300701743189	-11.7249399958333	NA	NA	NA	NA	NA	NA	NA	NA	NA	NA	NA	NA	NA	NA	NA	NA	NA	NA	NA	NA	-11.7249399958333	-12.7249351123193	-8.20138292330684	NA	-12.7249351123193	NA	NA	NA	-8.81804777238492	-4.55001209969617	NA	NA	NA	NA	NA	-4.78830096053021	-4.02449952638127	NA	NA	NA	NA	NA	NA	NA	NA	NA	NA	NA	NA	NA	NA	NA	NA	NA	NA	NA	NA	NA	NA	NA	NA	NA	NA	NA	NA	NA	-8.63747629278515	-4.93703834243496	NA	NA	NA	NA	-6.47701222536223	NA	-8.33262280560323	NA	NA	NA	NA	NA	NA	NA	NA	NA	NA	NA	-12.7249351123193	NA	NA	NA	NA	NA	NA	NA	NA	NA	NA	NA	NA
Sample14	-6.04057286869454	NA	NA	NA	NA	NA	NA	NA	NA	NA	NA	NA	NA	-5.47816288191742	NA	NA	NA	NA	NA	NA	NA	NA	-12.4668431314354	NA	-6.68548119051947	NA	NA	NA	NA	NA	NA	NA	NA	-6.27702204078326	-12.4668431314354	NA	NA	-2.8856383060326	NA	NA	-10.8818806307142	NA	NA	NA	NA	NA	NA	NA	NA	NA	NA	-6.6594870426486	NA	NA	NA	NA	NA	-6.29691631508142	NA	-6.71195532678647	NA	-1.02234053733318	NA	NA	NA	NA	NA	NA	NA	NA	NA	NA	NA	NA	-9.88188335308596	NA	NA	-10.8818806307142	-6.51264866523524	NA	NA	NA	-12.4668431314354	-12.4668431314354	NA	NA	NA	NA	NA	NA	NA	NA	NA	NA	NA	NA	NA	NA	NA	NA	-11.4668431314354	-12.4668431314354	NA	-6.05745171487966	NA	NA	NA	NA	-2.37805926501497	NA	NA	NA	NA	NA	-9.4668390478874	-10.4668431314354	NA	NA	NA	NA	NA	NA	NA	NA	NA	NA	NA	NA	NA	NA	NA	NA	NA	NA	NA	NA	NA	NA	NA	NA	NA	NA	NA	NA	NA	NA	-12.4668431314354	NA	NA	NA	NA	-6.73892129000553	NA	NA	NA	NA	NA	NA	NA	NA	NA	NA	NA	-10.4668431314354	NA	-6.68548119051947	-11.4668431314354	NA	NA	NA	NA	NA	NA	-10.8818806307142	NA	NA	NA	NA
Sample15	-2.85706120963068	NA	NA	-9.08078008294448	NA	NA	NA	NA	NA	NA	NA	NA	NA	-4.1183911320347	NA	NA	NA	NA	NA	NA	NA	NA	NA	NA	-5.07020536714887	NA	-11.5832786006769	-13.1682366746156	NA	NA	NA	NA	NA	-9.08078008294448	-14.1682419867562	NA	NA	-2.84124935613256	NA	NA	-11.1682433147944	NA	NA	NA	NA	NA	NA	NA	NA	NA	NA	-6.93942152554464	-12.5832741738945	-13.1682366746156	NA	NA	NA	-6.00333705907926	NA	NA	NA	-1.76629842266519	NA	-8.49581497822871	NA	-7.56833177326444	NA	NA	NA	NA	-11.8463138918689	NA	NA	-12.1682433147944	-7.67638652947276	NA	NA	-6.9203151023832	-6.75884886326414	NA	NA	NA	NA	NA	-10.8463138918689	NA	NA	NA	NA	NA	NA	NA	NA	NA	NA	NA	NA	NA	NA	-14.1682419867562	-10.7088074705853	-11.5832786006769	NA	-6.4066840957792	NA	NA	-13.1682366746156	-13.1682366746156	-2.77431046287375	NA	NA	NA	-11.8463138918689	NA	-6.17955387009577	-5.31961586595403	NA	NA	NA	NA	NA	NA	NA	NA	NA	NA	NA	NA	NA	NA	NA	NA	NA	NA	NA	NA	NA	NA	NA	NA	NA	NA	NA	NA	NA	-11.8463138918689	-7.15701003688215	NA	NA	NA	NA	-7.90145668786323	NA	NA	NA	NA	NA	NA	NA	NA	NA	NA	NA	-14.1682419867562	NA	-8.61365290902964	-14.1682419867562	NA	NA	NA	NA	NA	NA	-11.5832786006769	NA	NA	NA	NA
Sample23	-4.85962862773015	NA	NA	-2.86111215337952	NA	NA	NA	NA	NA	NA	NA	NA	NA	-5.09900980401155	NA	NA	NA	NA	NA	-12.7784928702682	NA	NA	NA	NA	-10.7784878020719	NA	NA	-11.1935269907475	NA	NA	NA	NA	NA	-6.06425121409703	-10.7784878020719	NA	NA	-5.2162446538242	NA	NA	-3.41216574140751	NA	NA	NA	NA	NA	NA	NA	NA	NA	NA	NA	NA	-11.7784878020719	NA	NA	NA	-8.87159551706852	NA	-11.7784878020719	NA	-2.76446408694424	NA	-10.4565607208224	NA	-11.7784878020719	NA	NA	NA	NA	-7.53056108886864	NA	NA	NA	-11.7784878020719	NA	NA	-12.7784928702682	-8.02360011219777	NA	NA	NA	NA	NA	NA	NA	NA	NA	NA	NA	NA	NA	NA	NA	NA	NA	NA	NA	NA	-12.7784928702682	-8.77848526798037	-9.77848526798037	NA	-11.7784878020719	NA	NA	-7.87159889586017	-4.62367049326012	-3.58866227121103	NA	NA	NA	NA	NA	-3.42093573564663	-3.7016701402054	NA	NA	NA	NA	NA	NA	NA	NA	NA	NA	NA	NA	NA	NA	NA	NA	NA	NA	NA	NA	NA	NA	NA	NA	NA	NA	NA	NA	NA	-7.53056108886864	-6.56903566924581	NA	NA	NA	NA	-5.35222316523461	NA	-9.45656477538089	NA	NA	NA	NA	NA	NA	NA	NA	NA	NA	NA	-11.1935269907475	NA	NA	NA	NA	NA	NA	NA	-3.41654330431003	-12.7784928702682	NA	NA	NA
Sample25	-8.0032167539034	NA	NA	-11.9625792935217	NA	NA	NA	NA	NA	NA	NA	NA	NA	-5.19438989751018	NA	NA	NA	NA	NA	-12.1325006962345	NA	NA	NA	NA	-9.00322045545153	NA	NA	-9.2745181375238	NA	NA	NA	NA	-11.9625792935217	-10.2256113961676	NA	NA	-12.8105738968887	-4.2745181375238	NA	NA	-9.06641527638611	NA	-13.1325071739541	NA	NA	NA	NA	NA	NA	NA	NA	-4.06506477189485	NA	-11.4320614763785	NA	NA	NA	-5.80607437733904	NA	NA	NA	-0.591040375335862	-15.1325019917761	NA	NA	-10.9625792935217	NA	NA	NA	NA	NA	NA	NA	NA	-12.5475360362799	-15.1325019917761	NA	-8.7926504534349	-8.74018234806961	NA	-15.1325019917761	NA	NA	-14.1325045828628	NA	NA	NA	NA	NA	NA	NA	-11.4320614763785	NA	-11.0450397601928	NA	-15.1325019917761	NA	-14.1325045828628	NA	NA	NA	-10.4886437291354	NA	-10.6730661331888	NA	NA	NA	NA	-4.44512317829956	NA	NA	NA	NA	NA	-6.96759239276502	-10.17830668439	NA	NA	NA	NA	NA	NA	NA	NA	NA	NA	NA	NA	NA	-15.1325019917761	NA	NA	-15.1325019917761	-15.1325019917761	NA	NA	-12.3251485503389	-15.1325019917761	NA	NA	NA	-13.547539491055	NA	NA	NA	-9.92304190334936	-6.83787866830614	NA	NA	NA	NA	-10.0450397601928	NA	-14.1325045828628	NA	NA	NA	NA	NA	NA	NA	NA	NA	-9.43206147637851	-13.1325071739541	-4.28153499675164	-13.1325071739541	NA	NA	NA	NA	NA	NA	NA	NA	NA	NA	NA
Sample27	-5.93576609333916	NA	NA	-4.68784415748658	NA	NA	NA	NA	NA	NA	NA	NA	NA	-3.20145670909554	NA	NA	NA	NA	NA	NA	NA	NA	NA	NA	-9.85331099809944	NA	NA	NA	NA	NA	NA	NA	NA	-4.7896171208187	-7.63091571713529	-12.0232359995417	NA	-3.40118204625097	NA	NA	-3.24350953925876	NA	NA	NA	NA	NA	NA	NA	NA	NA	NA	-9.11634540393323	NA	-9.56379346235647	NA	NA	NA	-8.32279628140066	NA	NA	NA	-3.5865220310534	NA	-11.0232359995417	NA	-12.0232359995417	NA	NA	NA	NA	-9.32279628140066	NA	NA	NA	-10.4382734988206	NA	NA	NA	NA	NA	NA	-11.0232359995417	-12.0232359995417	NA	-13.0232359995417	NA	NA	NA	NA	NA	NA	NA	NA	NA	NA	NA	NA	NA	NA	-8.70130790465439	-11.4382694953434	-6.59697403796985	NA	-9.85331099809944	NA	NA	-8.49967404348474	-6.7378337806795	-4.56790604181569	NA	NA	NA	NA	NA	-2.63091214260864	-5.12841621767249	NA	NA	NA	NA	NA	NA	NA	NA	NA	NA	NA	NA	NA	NA	NA	NA	NA	NA	NA	NA	NA	NA	NA	NA	NA	NA	NA	NA	NA	-4.17461358017317	-6.09249275521314	NA	NA	NA	NA	-6.10437474746657	NA	-7.77530848609816	NA	NA	NA	NA	NA	NA	NA	NA	NA	-13.0232359995417	-7.85330766186768	-7.53138023422605	NA	NA	NA	NA	NA	NA	NA	-5.52339143958051	NA	NA	NA	NA
Sample28	-4.26007449490063	NA	NA	-4.18115467338178	NA	NA	NA	NA	NA	NA	NA	NA	NA	-4.61274334892448	NA	NA	NA	NA	NA	-10.6351134563171	NA	NA	NA	NA	-9.89814556778672	NA	NA	-10.6351134563171	NA	NA	NA	NA	NA	-4.73625788540983	-8.31318765579755	NA	NA	-4.52658670517476	NA	NA	-4.77712621103364	NA	NA	-12.2200736626741	NA	NA	NA	NA	NA	NA	NA	-8.13261487030415	-11.2200771042217	-7.97214977191243	NA	NA	NA	-8.76064204403679	NA	NA	NA	-1.91630053818947	NA	NA	NA	-12.2200736626741	NA	NA	NA	NA	-7.7606451727161	NA	NA	NA	NA	NA	NA	NA	-10.6351134563171	NA	NA	NA	-10.6351134563171	-12.2200736626741	-9.22007366267409	NA	NA	NA	NA	NA	NA	NA	NA	NA	NA	NA	NA	NA	NA	NA	NA	NA	NA	NA	NA	NA	NA	-7.41272119886394	-2.30120900327477	NA	NA	NA	NA	NA	-3.06779365910112	-5.66548481099645	NA	NA	NA	NA	NA	NA	NA	NA	NA	NA	NA	NA	NA	NA	NA	NA	NA	NA	NA	NA	NA	NA	NA	NA	NA	NA	NA	NA	NA	-9.89814556778672	-7.41272119886394	NA	NA	NA	NA	-8.41272365711559	NA	-8.51963923922504	NA	NA	NA	NA	NA	NA	NA	NA	NA	-8.22007796460989	-9.22007366267409	-9.89814556778672	NA	NA	NA	NA	NA	NA	NA	NA	NA	NA	NA	NA
Sample34	-7.08101836834385	NA	NA	-9.54814506817848	NA	NA	NA	NA	NA	NA	NA	NA	NA	-4.78385484697202	NA	NA	NA	NA	NA	-11.6356068293575	NA	NA	NA	NA	-9.93516569881661	-13.635604993238	NA	-6.51665875561556	NA	-10.4656777476529	NA	-10.1761752107202	-8.38767641677901	-6.19266354455711	-9.63560453420855	-13.635604993238	NA	-3.43103163942448	-7.75295973431184	NA	-5.49605456540973	NA	NA	-12.6356068293575	NA	NA	NA	NA	NA	NA	NA	-8.24328765789349	-12.6356068293575	NA	NA	NA	NA	-7.56951791294758	NA	NA	NA	-3.23152176597527	NA	-11.3136787344701	NA	-12.6356068293575	-12.0506443286363	NA	NA	NA	NA	NA	NA	NA	-7.33182770812359	-11.6356068293575	NA	-11.6356068293575	-4.61879194866606	NA	-10.3136768983507	NA	NA	NA	-13.635604993238	NA	NA	NA	NA	NA	NA	-8.99174696734622	NA	-10.4656777476529	NA	-11.3136787344701	-13.635604993238	-12.0506443286363	NA	NA	-9.93516569881661	-12.6356068293575	NA	-8.68140637289778	NA	-10.6356091245101	-12.0506443286363	-9.93516569881661	-3.54284659461135	NA	NA	NA	NA	NA	-4.30021812319382	-7.48585789959418	NA	-10.1761752107202	NA	NA	NA	NA	NA	NA	NA	NA	NA	NA	NA	-12.6356068293575	NA	-10.3136768983507	NA	NA	NA	NA	NA	NA	NA	NA	-12.6356068293575	NA	NA	NA	NA	-9.31367873447011	-2.57221363567082	NA	NA	NA	NA	-4.91792748420187	NA	-12.0506443286363	NA	NA	NA	NA	NA	NA	NA	NA	NA	-7.44577950372304	-8.50632118938546	-3.83147297389682	-7.72871011335993	NA	NA	NA	NA	NA	NA	-8.77762393479605	-12.6356068293575	NA	-11.6356068293575	NA
Sample8	-12.1200782721623	-7.6938088875327	NA	-13.1200718500088	NA	NA	NA	NA	NA	NA	NA	NA	NA	NA	NA	NA	NA	NA	NA	NA	NA	NA	NA	-3.54264820004222	-2.86741526118718	NA	NA	NA	-13.1200718500088	NA	NA	NA	NA	-9.53512433435695	NA	NA	NA	-2.78022493926858	NA	NA	NA	NA	NA	NA	NA	NA	NA	NA	NA	NA	NA	-13.1200718500088	NA	NA	-11.5351136307201	NA	NA	NA	NA	-7.23743271924568	NA	-13.1200718500088	NA	NA	NA	NA	NA	NA	-8.07568395819271	-12.1200782721623	-4.64433957358473	-7.53511363072012	NA	NA	NA	NA	NA	-13.1200718500088	NA	NA	NA	NA	-10.3127205977497	NA	-9.21318125440027	NA	NA	-6.52016350994689	NA	NA	NA	NA	NA	NA	NA	NA	NA	NA	NA	NA	NA	-5.17170638646352	NA	-5.14853453910725	NA	NA	NA	NA	NA	NA	NA	NA	NA	NA	-11.5351136307201	NA	-1.3921522436529	NA	NA	NA	NA	NA	NA	NA	NA	NA	NA	NA	NA	NA	NA	NA	-11.5351136307201	NA	NA	NA	NA	NA	NA	NA	NA	NA	NA	NA	NA	NA	NA	NA	NA	NA	NA	-13.1200718500088	NA	NA	NA	NA	NA	NA	NA	NA	NA	NA	NA	NA	NA	NA	NA	NA	NA	NA	NA	NA	NA	NA	-11.5351136307201	-10.7981463239794	NA	NA
Sample26	-12.2085356880094	NA	-12.2085356880094	-10.2085373950752	NA	NA	NA	NA	NA	NA	NA	NA	NA	NA	NA	NA	NA	NA	NA	NA	NA	NA	NA	-5.49429114580922	NA	NA	NA	-9.88661442139722	NA	NA	NA	NA	NA	NA	NA	NA	NA	-12.2085356880094	NA	NA	NA	NA	NA	NA	NA	NA	NA	NA	NA	NA	NA	NA	NA	NA	NA	NA	NA	NA	NA	-0.0773256460851214	NA	-12.2085356880094	NA	NA	NA	NA	-12.2085356880094	NA	-8.40118174141774	-7.03861220395882	NA	-9.03860841048261	NA	NA	NA	NA	NA	NA	NA	NA	NA	NA	NA	NA	NA	NA	NA	NA	NA	NA	NA	NA	NA	NA	NA	NA	NA	NA	NA	NA	NA	-11.2085356880094	NA	NA	NA	NA	NA	NA	NA	NA	NA	NA	NA	NA	NA	NA	NA	NA	NA	NA	NA	NA	NA	NA	NA	NA	NA	NA	NA	NA	NA	NA	NA	NA	NA	NA	NA	NA	NA	NA	NA	NA	NA	NA	NA	NA	NA	NA	NA	NA	NA	NA	NA	NA	NA	NA	NA	NA	NA	NA	NA	NA	NA	NA	NA	NA	NA	NA	NA	NA	NA	NA	NA	NA	NA	-6.99908435240487	NA	NA
Sample31	NA	NA	NA	-11.6645384772982	NA	NA	NA	NA	NA	NA	NA	NA	NA	-13.9864689138295	NA	NA	NA	NA	NA	-13.9864689138295	NA	NA	NA	-5.67358414708441	-6.84692126488958	NA	NA	-11.1791143262928	NA	NA	NA	NA	NA	NA	NA	NA	NA	-5.5560199934165	NA	NA	NA	NA	NA	NA	NA	NA	NA	NA	NA	NA	NA	NA	-12.9864759387842	NA	NA	NA	NA	NA	NA	-0.133544578951548	NA	-6.42421988593444	NA	NA	NA	NA	NA	-13.9864689138295	-7.28602496271943	-8.05573092367696	NA	-9.12848686899902	NA	NA	NA	NA	NA	NA	NA	NA	NA	NA	NA	NA	-11.1791143262928	NA	NA	NA	NA	NA	NA	NA	NA	NA	NA	-13.9864689138295	NA	NA	NA	NA	NA	-8.032272074684	NA	NA	NA	NA	NA	NA	NA	NA	NA	NA	NA	NA	-9.98647154818353	NA	NA	NA	NA	NA	NA	NA	NA	NA	NA	NA	NA	NA	NA	NA	NA	NA	NA	NA	NA	NA	NA	NA	NA	NA	NA	NA	NA	NA	NA	NA	NA	NA	NA	NA	NA	-9.73853610088135	NA	NA	NA	NA	NA	NA	NA	NA	NA	NA	NA	NA	NA	NA	NA	NA	NA	NA	-13.9864689138295	NA	NA	NA	NA	NA	NA	NA
Sample32	NA	NA	NA	NA	NA	NA	NA	NA	NA	NA	NA	NA	NA	NA	-12.969378182589	NA	NA	NA	NA	NA	NA	NA	NA	-10.7994596091318	NA	NA	NA	-13.9693851248142	NA	NA	NA	NA	NA	NA	NA	NA	NA	NA	NA	NA	NA	NA	NA	NA	NA	-13.9693851248142	NA	NA	NA	NA	NA	NA	NA	NA	NA	NA	NA	NA	NA	-0.0228461231729494	NA	NA	-13.9693851248142	NA	NA	NA	NA	NA	NA	NA	NA	NA	NA	NA	NA	NA	NA	NA	NA	NA	NA	NA	NA	NA	NA	-13.9693851248142	NA	NA	NA	NA	NA	NA	NA	NA	NA	NA	NA	NA	NA	NA	NA	NA	NA	NA	NA	NA	NA	NA	NA	NA	NA	NA	NA	NA	NA	NA	NA	NA	NA	NA	NA	NA	NA	NA	NA	NA	NA	NA	NA	NA	NA	NA	NA	NA	NA	NA	NA	NA	NA	NA	NA	NA	NA	NA	NA	NA	NA	NA	NA	NA	NA	NA	NA	NA	NA	-13.9693851248142	NA	NA	NA	NA	NA	NA	NA	NA	NA	NA	NA	NA	NA	NA	NA	-13.9693851248142	NA	NA	NA	-6.3995292728958	NA	NA
Sample33	NA	NA	NA	NA	NA	NA	NA	NA	NA	NA	NA	NA	NA	NA	NA	NA	NA	NA	NA	-12.2859821834106	NA	NA	NA	NA	NA	NA	NA	NA	NA	NA	NA	NA	NA	NA	NA	NA	NA	NA	NA	NA	NA	NA	NA	NA	NA	NA	NA	NA	NA	NA	NA	NA	NA	NA	NA	NA	-12.2859821834106	NA	NA	-0.0020240776575415	NA	NA	NA	NA	NA	NA	NA	NA	NA	NA	NA	NA	NA	NA	NA	NA	NA	NA	NA	NA	NA	NA	NA	NA	NA	NA	NA	NA	NA	NA	NA	NA	NA	NA	NA	NA	NA	NA	NA	NA	NA	NA	NA	NA	NA	NA	NA	NA	NA	NA	NA	NA	NA	NA	NA	NA	NA	NA	NA	NA	NA	NA	NA	NA	NA	NA	NA	NA	NA	NA	NA	NA	NA	NA	NA	NA	NA	NA	NA	NA	NA	NA	NA	NA	NA	NA	NA	NA	NA	NA	NA	NA	NA	NA	NA	NA	NA	NA	NA	NA	NA	NA	NA	NA	NA	NA	NA	NA	NA	NA	NA	NA	NA	NA	NA	NA	NA	NA
